소속사,그룹,연예인 이름,url
HYBE,방탄소년단,진,
HYBE,방탄소년단,슈가,https://namu.wiki/w/%EC%8A%88%EA%B0%80(%EB%B0%A9%ED%83%84%EC%86%8C%EB%85%84%EB%8B%A8)/%EB%85%BC%EB%9E%80%20%EB%B0%8F%20%EC%82%AC%EA%B1%B4%20%EC%82%AC%EA%B3%A0
HYBE,방탄소년단,제이홉,
HYBE,방탄소년단,RM,https://namu.wiki/w/RM/%EB%85%BC%EB%9E%80%20%EB%B0%8F%20%EC%82%AC%EA%B1%B4%20%EC%82%AC%EA%B3%A0
HYBE,방탄소년단,지민,https://namu.wiki/w/%EC%A7%80%EB%AF%BC/%EB%85%BC%EB%9E%80%20%EB%B0%8F%20%EC%82%AC%EA%B1%B4%20%EC%82%AC%EA%B3%A0
HYBE,방탄소년단,뷔,
HYBE,방탄소년단,정국,https://namu.wiki/w/%EC%A0%95%EA%B5%AD/%EB%85%BC%EB%9E%80%20%EB%B0%8F%20%EC%82%AC%EA%B1%B4%20%EC%82%AC%EA%B3%A0
HYBE,투모로우바이투게더,연준,
HYBE,투모로우바이투게더,수빈,https://namu.wiki/w/%ED%88%AC%EB%AA%A8%EB%A1%9C%EC%9A%B0%EB%B0%94%EC%9D%B4%ED%88%AC%EA%B2%8C%EB%8D%94/%EB%85%BC%EB%9E%80%20%EB%B0%8F%20%EC%82%AC%EA%B1%B4%20%EC%82%AC%EA%B3%A0#%EC%88%98%EB%B9%88
HYBE,투모로우바이투게더,범준,
HYBE,투모로우바이투게더,태현,
HYBE,투모로우바이투게더,휴닝카이,
HYBE,엔하이픈,정원,https://namu.wiki/w/ENHYPEN/%EB%85%BC%EB%9E%80%20%EB%B0%8F%20%EC%82%AC%EA%B1%B4%20%EC%82%AC%EA%B3%A0#s-3.1
HYBE,엔하이픈,희승,
HYBE,엔하이픈,제이,https://namu.wiki/w/ENHYPEN/%EB%85%BC%EB%9E%80%20%EB%B0%8F%20%EC%82%AC%EA%B1%B4%20%EC%82%AC%EA%B3%A0#%EC%A0%9C%EC%9D%B4
HYBE,엔하이픈,제이크,
HYBE,엔하이픈,성훈,
HYBE,엔하이픈,선우,
HYBE,엔하이픈,니키,https://namu.wiki/w/ENHYPEN/%EB%85%BC%EB%9E%80%20%EB%B0%8F%20%EC%82%AC%EA%B1%B4%20%EC%82%AC%EA%B3%A0#%EB%8B%88%ED%82%A4
HYBE,아일릿,윤아,
HYBE,아일릿,민주,
HYBE,아일릿,모카,
HYBE,아일릿,원희,
HYBE,아일릿,이로하,
HYBE,르세라핌,김채원,https://namu.wiki/w/LE%20SSERAFIM/%EB%85%BC%EB%9E%80%20%EB%B0%8F%20%EC%82%AC%EA%B1%B4%20%EC%82%AC%EA%B3%A0#%EA%B9%80%EC%B1%84%EC%9B%90
HYBE,르세라핌,허윤진,
HYBE,르세라핌,사쿠라,
HYBE,르세라핌,카즈하,
HYBE,르세라핌,홍은채,https://namu.wiki/w/LE%20SSERAFIM/%EB%85%BC%EB%9E%80%20%EB%B0%8F%20%EC%82%AC%EA%B1%B4%20%EC%82%AC%EA%B3%A0#%ED%99%8D%EC%9D%80%EC%B1%84
HYBE,세븐틴,에스쿱스,
HYBE,세븐틴,정한,
HYBE,세븐틴,조슈아,https://namu.wiki/w/%EC%84%B8%EB%B8%90%ED%8B%B4/%EB%85%BC%EB%9E%80%20%EB%B0%8F%20%EC%82%AC%EA%B1%B4%20%EC%82%AC%EA%B3%A0#%EC%A1%B0%EC%8A%88%EC%95%84
HYBE,세븐틴,준,
HYBE,세븐틴,호시,
HYBE,세븐틴,원우,https://namu.wiki/w/%EC%84%B8%EB%B8%90%ED%8B%B4/%EB%85%BC%EB%9E%80%20%EB%B0%8F%20%EC%82%AC%EA%B1%B4%20%EC%82%AC%EA%B3%A0#%EC%9B%90%EC%9A%B0
HYBE,세븐틴,우지,
HYBE,세븐틴,디에잇,
HYBE,세븐틴,민규,https://namu.wiki/w/%EC%84%B8%EB%B8%90%ED%8B%B4/%EB%85%BC%EB%9E%80%20%EB%B0%8F%20%EC%82%AC%EA%B1%B4%20%EC%82%AC%EA%B3%A0#%EB%AF%BC%EA%B7%9C
HYBE,세븐틴,도겸,https://namu.wiki/w/%EC%84%B8%EB%B8%90%ED%8B%B4/%EB%85%BC%EB%9E%80%20%EB%B0%8F%20%EC%82%AC%EA%B1%B4%20%EC%82%AC%EA%B3%A0#s-2.4
HYBE,세븐틴,승관,
HYBE,세븐틴,버논,
HYBE,세븐틴,디노,
HYBE,뉴진스,민지,https://namu.wiki/w/NewJeans/%EB%85%BC%EB%9E%80%20%EB%B0%8F%20%EC%82%AC%EA%B1%B4%20%EC%82%AC%EA%B3%A0#%EB%AF%BC%EC%A7%80
HYBE,뉴진스,하니,
HYBE,뉴진스,다니엘,https://namu.wiki/w/NewJeans/%EB%85%BC%EB%9E%80%20%EB%B0%8F%20%EC%82%AC%EA%B1%B4%20%EC%82%AC%EA%B3%A0#%EB%8B%A4%EB%8B%88%EC%97%98
HYBE,뉴진스,해린,
HYBE,뉴진스,혜인,
