소속사,그룹,연예인 이름,텍스트
SM,엑소,시우민,
SM,엑소,수호,
SM,엑소,백현,"백현/논란 및 사건 사고 - 나무위키
최근 변경
최근 토론
특수 기능
백현/논란 및 사건 사고
최근 수정 시각:
2025-04-19 15:34:12
3
편집 요청
편집 요청
이용중인 IP는 문서 훼손행위가 자주 발생하는 IP이므로 로그인이 필요합니다.
(이 메세지는 같은 인터넷 공급업체를 사용하는 다른 누군가로 인해 발생했을 가능성이 높습니다.) (#98793)
만료일: 무기한
사유: 동국대학교 공용 IP
편집 권한이 부족한 경우 아래의 '편집 요청' 버튼으로 편집 요청을 생성할 수 있습니다.
[편집 요청 도움말]
편집 요청
닫기
토론
역사
분류
백현
EXO/사건 사고
대한민국의 인물별 논란
상위 문서:
백현
관련 문서:
EXO/논란 및 사건 사고
주의. 사건·사고 관련 내용을 설명합니다.
사건 사고 관련 서술 규정
을 유의하시기 바랍니다.
[ 음반 목록 ]
한국 음반
City Lights
미니 1집
2019. 07. 10.
Delight
미니 2집
2020. 05. 25.
놀이공원 (Amusement Park)
디지털 싱글
2020. 12. 21.
Bambi
미니 3집
2021. 03. 30.
Hello, World
미니 4집
2024. 09. 06.
Essence of Reverie
미니 5집
2025. 05. 19.
일본 음반
BAEKHYUN
미니 1집
2021. 01. 20.
[ 참여 음반 ]
두근거려 (Beautiful)
우리 옆집에 EXO가 산다 OST
2015. 04. 22.
One Dream One Korea
(Original Ver.)
콜라보
2015. 09. 21.
비처럼 음악처럼
콜라보
2015. 12. 28.
Dream
콜라보
2016. 01. 07.
The Day
SM STATION
2016. 05. 13.
비가와
콜라보
2017. 02. 14.
바래다줄게
(Take You Home)
SM STATION 2
2017. 04. 14.
YOUNG
SM STATION X 0
2018. 08. 31.
너를 사랑하고 있어
낭만닥터 김사부 2 OST
2020. 01. 07.
너에게 가는 이 길 위에서 (너.이.길)
하이에나 OST
2020. 02. 29.
나의 시간은
청춘기록 OST
2020. 09. 22.
happy
브람스를 좋아하세요? OST
2020. 10. 06.
Runner
콜라보
2021. 02. 01.
인형
콜라보
2021. 03. 12.
Bambi Remixes
iScreaM
2021. 04. 23.
Hurt
콜라보
2021. 05. 10.
U
어느 날 우리 집 현관으로 멸망이 들어왔다 OST
2021. 05. 31.
또 새벽이 오면
피처링
2021. 07. 21.
나인가요
홍천기 OST
2021. 08. 31.
Hello
낭만닥터 김사부 3 OST
2023. 04. 28.
PARANOIA
콜라보
2023. 10. 23.
The Last Christmas
콜라보
2024. 12. 10.
Do What You Do
콜라보
2025. 03. 03.
[ 출연 작품 ]
드라마
우리 옆집에 EXO가 산다
백현
2015
달의 연인 - 보보경심 려
왕은
2016
뮤지컬
싱잉 인 더 레인
돈 락우드
2014
[ 관련 문서 ]
활동
음반
방송
직캠
유튜브
공연 및 행사
수상 경력
기타
TEOLAEGI
INB100
공식 굿즈
사건 사고
1
. 개요
2
.
태연과의 열애설
3
.
우울증
발언 논란
4
. 일반인 전화번호 공개
5
. 실내 흡연 논란
1.
개요
[편집]
백현
의 논란 및 사건 사고를 정리한 문서.
2.
태연과의 열애설
[편집]
자세한 내용은
태연-백현 열애설
문서를 참고하십시오.
3.
우울증
발언 논란
[편집]
2017년 12월 30일, 서울 강남구에서 진행한 엑소 팬 사인회에서 멘트 때 ""요즘 우울한 분들이 많은 것 같다""(시기상 이와같은 이야기를 나눈 팬들이 많았다고 전해진다)고 말문을 열며 ""
우울증에 걸리는 이유를 모르겠다
"" 라고 전했는데, 이 발언의 녹취록이 온라인상에 퍼지며 큰 논란을 불러일으켰다.
처음 이야기가 나오게 된 연유는 팬과의 대화 중 민감하게 받아들여질 수 있는 고민을 짧은 시간 안에 위로하고자 하는 과정이 미흡해 오해의 소지가 있었고 이에 대해 갑론을박이 이어졌다. 당시 백현과 이야기를 나눈 당사자는 충분히 위로를 받았다고 알렸으나
#
백현의 발언을 두고 전문가들은 같은 소속사 아이돌 선배인
종현
이 극단적인 선택을 한지 불과 얼마 되지 않았던 시기였다는 점에서 분위기 자체가 들썩이는 상황에서 “우려스러운 발언”이라고 지적하기도 했다.
#관련기사
이와 관련해 논란이 확산되자 백현이 직접 자신의 인스타그램에 사과문을 게시했다.
[1]
아티스트 사과문 전문
[ 펼치기 · 접기 ]
안녕하세요 백현입니다. 12월 30일 팬사인회 현장에서 있었던 제 발언과 관련해 직접 사과를 드리고 싶어서 이렇게 글을 올립니다.
저는 사실 요즘 우울증에 대해 많이 겁이나 있고 과민한 상태였어요. 그런데 현장에서 그 팬분과 꽤 많은 이야기를 나누면서 너무 걱정이 됐고 덜컥 겁이 났어요. 제가 행복하게 해주고 싶은 팬이 즐거움으로 가득 차야 하는 팬사인회에서 저에게 털어놓은 이야기가 꽤 심각하게 느껴졌고, 이 팬과 오늘 이 자리에서 헤어지면 다시는 이야기를 나눌 수 없다는 생각에 마음이 많이 조급했던 것 같아요. 한 마디라도 더 위로하고 싶었고 저를 좋아한다고 했으니까 제 말이 힘이 될 수 있을 텐데라는 생각에 오늘 이 자리에서 빨리 어떻게든 해주고 싶었어요. 그 팬 분과 이야기 한 후 팬사인회가 끝날 때까지 그 생각에 빠져 있었던 것 같아요..그래서 그 팬분은 물론 현장에 오신 팬 분들께도 우울하고 힘든 일이 있어도 엑소는 물론 옆에 좋은 분들이 있으니 힘내시라는 말을 하는 과정에서, 경솔하게 말한 부분이 있었습니다. 제 마음을 짧은 시간에 잘 정리해서 전달할 수 있는 능력도 없으면서 섣부르게 말을 꺼냈어요. 제가 그 순간 왜 그런 말, 단어를 선택했는 지 후회됩니다. 정말 위로하고 힘을 내라고 하고 싶은 마음뿐이었는데..
지금 이 글을 쓰고 있는 중에도 또 제 글에 실수가 있지는 않을까 두려워요. 하지만 진심으로 사과드리고 싶어요. 그 팬분께도 죄송하고 이 일로 인해 상처받은 모든 분들에게 죄송하다는 말씀 드리고 싶습니다. 앞으로는 말과 행동을 더욱 신중히 하는 백현이 되겠습니다.
4.
일반인 전화번호 공개
[편집]
2018년 2월 14일, 자신의 SNS를 통해 실시간 방송을 진행하던 중 '사생'에게 전화가 걸려와 방송이 자꾸 끊겨버리는 사태가 발생했고 팬들에게 이 사실을 호소하며 해당 번호를 '사생의 전화번호'라고 밝히며 공개했다. 이는 일명 공개 처형 방식. 그러나 중요한 건 백현이 공개했던 번호가 사실은 사생의 번호가 아닌,
일반인의 번호
였다. 번호를 잘못 불러 일반인의 번호가 유출되는 사고가 일어난 것.
백현은 SNS에 일부 번호를 공개한 뒤 15일에 “제 실수로 인해 더 이상 피해보시는 분들이 없었음 좋겠습니다. 그리고 저한테도 전화하지 말아 주세요.” 등의 내용을 담은 글을 올려 사과의 말을 전했다.
#
백현 팬들은 이에 대해 '과거에도 다른 연예인들이 이와 같은 사건이 있었지만 문제가 없었다', '얼마나 힘들었으면 저런 행동을 취했겠냐' 등 백현을 옹호하기도 했다. 하지만 과거의 다른 사건들과 반응에 대한 비교 등과 상관없이 해당 사건이 아무 관련 없는 일반인에게 피해를 준 것은 사실이므로 대처가 잘못되었으며 이에 대해 백현이 반성해야 한다는 것도 있었다.
그만큼
사생
때문에 겪는 백현의 고충이 심하기 때문에 과한 대응은 아니라는 의견도 있다.
#
이때 피해자가 자신의 부모라며 팬들에게 테러를 당했다고 사칭한 사람도 있었는데, 이는 안티팬(같은 그룹 멤버의 악성 개인팬)의 조작으로 알려져 사과문을 쓰고 트위터 계정은 폭파됐다.
5.
실내 흡연 논란
[편집]
2024년 9월 16일, 백현이 식당으로 추정되는 곳에서 실내 흡연을 하는 영상이 16일 사회관계망서비스(SNS)
X(구 트위터)
에서 확산되고 있었다.
해당 영상에서 백현은 구석 자리에 앉아 대화를 나누다 담배를 피웠다. 담배를 흡입하고 연기를 내뿜는 모습이 연기에 담겼다. 해당 자리에는 남녀 스태프로 추정되는 이들이 함께 자리했다고 알려졌다.
#
16일 백현 소속사
INB100
측은 ""현재 인터넷에 떠도는 당사 소속 아티스트 백현의 실내 흡연 관련 불편함을 느끼신 모든 분께 진심으로 사과드립니다""라고 인정했다.
이어 ""당시 백현과 저희 스태프들은 마카오가 전자담배 반입이 금지된 곳인지 전혀 인지하지 못하였습니다""라며 ""그런 가운데 마카오 공연 후 스태프들과 식사를 하던 중 대화가 무르익어가자 무의식적으로 전자담배를 사용하였습니다""라고 문제가 된 장소가 마카오였다고 전했다.
INB100 공식입장 전문
#
[ 펼치기 · 접기 ]
안녕하세요. INB100입니다.
현재 인터넷에 떠도는 당사 소속 아티스트 백현의 실내 흡연 관련 불편함을 느끼신 모든 분께 진심으로 사과드립니다.
당시 백현과 저희 스태프들은 마카오가 전자담배 반입이 금지된 곳인지 전혀 인지하지 못하였습니다. 그런 가운데 마카오 공연 후 스태프들과 식사를 하던 중 대화가 무르익어가자 무의식적으로 전자담배를 사용하였습니다.
백현은 자신의 부주의한 행동으로 많은 팬분들께 실망을 드린 점 머리 숙여 깊이 죄송하게 생각하고 있습니다.
당사와 백현은 앞으로도 이런 일이 반복되지 않도록 더욱더 주의를 기울일 것이며, 팬분들께 이러한 상황으로 실망시키지  않을 것임을 약속드리겠습니다.
또한 더욱더 성숙한 모습을 보여드리기 위해 최선을 다하겠습니다.
다시 한번 많은 분들께 심려를 끼쳐드리고, 불편함을 느끼게 해드린 점 진심으로 머리 숙여 사과드립니다. 죄송합니다.
[1]
전역 후 인스타그램 게시물을 전부 삭제하면서 사과문도 삭제되었다.
이 문서의 내용 중 전체 또는 일부는
백현
문서의
r2586
판,
6번 문단
에서 가져왔습니다.
이전 역사 보러 가기
VZR2FHC+
서울랜트카,렌트투어 강남
knrentacar.co.kr
마세라티,포르쉐,벤츠,아우디,BMW 수입차 사고(보험)대차,24시상담!무료딜리버리
서울랜트카 렉스렌터카
sirent.net
무료 배회차,전차량 열선,씨트,핸들,썬루프,블박,정품3D네비,24시간 친절상담
VVIP 결혼정보회사 엔노블
www.nnoble.co.kr
가입비테스트
노블테스트
이상형테스트
매력도테스트
SKY 동문회 단독제휴! 100억이상 자산가 1,002명, 업계최초 성혼주의 시행
VZR2FHC+
이 저작물은
CC BY-NC-SA 2.0 KR
에 따라 이용할 수 있습니다. (단, 라이선스가 명시된 일부 문서 및 삽화 제외)
기여하신 문서의 저작권은 각 기여자에게 있으며, 각 기여자는 기여하신 부분의 저작권을 갖습니다.
나무위키는 백과사전이 아니며 검증되지 않았거나, 편향적이거나, 잘못된 서술이 있을 수 있습니다.
나무위키는 위키위키입니다. 여러분이 직접 문서를 고칠 수 있으며, 다른 사람의 의견을 원할 경우 직접 토론을 발제할 수 있습니다.
이승기
견미리
skt
한덕수
서유리
우렉 마지노
이재명
전세계(신병 드라마)
산불
21대 대선
이승기
카와카미 프린세스(우마무스메 프리티 더비)/인게임 정보
29초 전
아편전쟁
31초 전
시누아즈리
31초 전
컴투스프로야구2025
32초 전
장흥 임씨
32초 전
라이선스
33초 전
단간론파 어나더 시리즈/기타 등장인물
35초 전
캬리 파뮤파뮤
35초 전
노권철
40초 전
에네즈
41초 전
푸틴, 김정은에 파병 감사…러 ""필요시 北에 군사지원""(종합2보)
대구 산불 확산에 '국가소방동원령'…요양시설 거주자 61명 대피(종합2보)
교황 선출 콘클라베 내달 7일 개시…가톨릭 새 수장은 누구(종합)
국민의힘 '2강' 가리는 2차 대선경선 당원투표 51%로 마감
이주호, 고교 흉기 난동에 ""매우 송구…대응방안 논의 착수""
더 보기
namu.wiki
Contáctenos
Términos de uso
Operado por umanle S.R.L.
Hecho con ❤️ en Asunción, República del Paraguay
Su zona horaria es
Asia/Seoul
Impulsado por the seed engine
This site is protected by reCAPTCHA and the Google
Privacy Policy
and
Terms of Service
apply. This site is protected by hCaptcha and its
Privacy Policy
and
Terms of Service
apply."
SM,엑소,첸,"첸(EXO)/논란 및 사건 사고 - 나무위키
최근 변경
최근 토론
특수 기능
첸(EXO)/논란 및 사건 사고
최근 수정 시각:
2025-04-28 03:26:20
편집 요청
편집 요청
이용중인 IP는 문서 훼손행위가 자주 발생하는 IP이므로 로그인이 필요합니다.
(이 메세지는 같은 인터넷 공급업체를 사용하는 다른 누군가로 인해 발생했을 가능성이 높습니다.) (#98793)
만료일: 무기한
사유: 동국대학교 공용 IP
편집 권한이 부족한 경우 아래의 '편집 요청' 버튼으로 편집 요청을 생성할 수 있습니다.
[편집 요청 도움말]
편집 요청
닫기
토론
역사
분류
첸(EXO)
EXO/사건 사고
대한민국의 인물별 논란
상위 문서:
첸(EXO)
관련 문서:
EXO/논란 및 사건 사고
[ 한국 음반 ]
미니 1집
사월, 그리고 꽃
2019.04.01
미니 2집
사랑하는 그대에게
2019.10.01
디지털 싱글
안녕 (Hello)
2020.10.15
미니 3집
사라지고 있어 (Last Scene)
2022.11.14
미니 4집
DOOR
2024.05.28
디지털 싱글
Beyond:
2024.10.01
[ 일본 음반 ]
미니 1집 선공개 싱글
Break Out
2023. 08. 04.
미니 1집
ポラリス/Polaris
2023. 08. 17.
라이브 1집
CHEN JAPAN TOUR 2023 - Polaris -
2024. 02. 14.
[ 관련 문서 ]
음반
사건 사고
1
. 개요
2
. 인종 차별성 발언
3
. 여자친구와 혼전임신 및 결혼 발표
1.
개요
[편집]
첸
의 논란 및 사건 사고에 대한 문서.
주의. 사건·사고 관련 내용을 설명합니다.
사건 사고 관련 서술 규정
을 유의하시기 바랍니다.
2.
인종 차별성 발언
[편집]
첸이 EXO-CBX 유닛 활동 중 V LIVE에서 한 발언이 논란이 되었다.
#
해당 방송에서 첸은 게임 도중 검붉은 립스틱을 얼굴에 칠하는 벌칙을 수행하였는데, 첸은 자신의 입술에 립스틱이 입술 선을 넘어 과장되게 발리자
""이거 쿤타킨테 아니냐""
, ""마이콜 같다""라며 웃었다.
이게 왜 흑인 비하냐고 생각할 수 있겠지만, 외국인 특히 흑인에게는 입술 크게 칠하고, 쿤타킨테 언급하는 것 자체가 인종차별로 여겨질 수 있다. 또한 게임에서 진
벌칙
으로 우스꽝스러운 분장을 하는 상황이었고, 농담을 하는 목적으로 이야기를 한 것이기에 문제라고 볼 수 있다. V LIVE방송은 K-POP 글로벌 시장을 노린 인터넷 방송인 만큼 부적절한 발언이었다는 평.
게다가 쿤타킨테는 감비아에 위치한 섬이자 노예의 삶을 다룬 미국 소설과 드라마 '뿌리'의 주인공 이름으로, 억압당하고 노동력을 착취당하며 인권을 짓밟혔던 흑인 노예의 처절한 삶을 상징한다. 쿤타킨테 섬은 노예무역의 역사를 찾아볼 수 있으며 '뿌리' 역시 실존 인물인 아프리카 출신 흑인 노예 이야기를 담았다. 또한 마이콜도 한국인 캐릭터이지만, 마이클 잭슨을 패러디한 캐릭터이기에 흑인의 외모 특성을 가지고 있다. 첸은 사건이 흐지부지될 때까지 아무런 피드백을 하지 않았다.
3.
여자친구와 혼전임신 및 결혼 발표
[편집]
2020년
1월 13일
, 첸이 EXO 팬클럽 사이트 Lysn에
자필편지
로 결혼 소식을 발표했다.
첸 자필편지 전문
[ 펼치기 · 접기 ]
안녕하세요. 첸입니다.
팬 여러분들께 드릴 말씀이 있어, 이렇게 글을 쓰게 되었습니다.
어떻게 말을 시작해야 할지 무척 긴장되고 떨리지만,
너무나 큰 사랑을 주신 팬 여러분들께 가장 먼저 솔직하게 말씀드리고 싶어
부족한 문장으로나마 글을 올립니다.
저에게는 평생을 함께하고 싶은 여자 친구가 있습니다.
이러한 결심으로 인해 어떠한 상황들이 일어날지 걱정과 고민이 앞서기도 했지만
함께해 온 멤버들과 회사, 특히 저를 자랑스럽게 여겨 주시는 팬 여러분들이
갑작스러운 소식으로 놀라시지 않도록 조금이나마 일찍 소식을 전하고 싶어,
회사와도 소통하고 멤버들과도 상의를 하고 있었습니다.
그러던 중 저에게
축복
이 찾아오게 되었습니다.
회사, 멤버들과 상의해 계획했던 부분들을 할 수 없는 상황이 되어 버렸기에
저도 많이 당황스럽기도 했지만
이 축복에 더욱 힘을 내게 되었습니다.
언제, 어떻게 말씀드릴지 고민하면서 더 이상 시간을 지체할 수 없었기에
조심스레 용기를 냈습니다.
이러한 소식을 듣고 진심으로 축하해 준 멤버들에게 너무 고맙고
부족한 저에게 과분한 사랑 보내 주시는 팬 여러분들께도 깊이 감사드립니다.
항상 감사한 마음 잊지 않고, 변함없이 제 자리에서 최선을 다하며,
보내 주신 사랑에 보답하는 모습 보여드리겠습니다.
언제나 감사드립니다.
편지의 내용은
평생을 함께 하고 싶은 여자친구가 있으며, 여자친구와 결혼을 한다
는 내용. 내용 중 '축복이 찾아왔다.'는 글로 인해 여자친구가
혼전임신
을 한 사실을 공개했다. 이후 소속사
SM
측에서도 첸이
비연예인 여자친구와 결혼식을 올린다
는 입장을 밝혔다. 다음은 소속사
SM엔터테인먼트
의 입장 전문.
SM엔터테인먼트 공식입장 전문
[ 펼치기 · 접기 ]
안녕하세요. SM엔터테인먼트 입니다.
첸이 소중한 인연을 만나 결혼을 하게 되었습니다.
신부는 비연예인으로, 결혼식은 양가 가족들만 참석해 경건하게 치를 계획입니다.
가족들의 의사에 따라, 결혼식 및 결혼과 관련된 모든 사항은 비공개로 진행되오니,
팬 여러분과 기자님들의 너그러운 양해 부탁드립니다.
앞으로도 첸은 아티스트로서 변함없이 열심히 활동하는 모습으로 보답할 것입니다.
첸에게 많은 축복과 축하 부탁드립니다.
감사합니다.
이에 대해 팬들의 반응은 크게 갈리는 중이다. 혼전임신과 갑작스런 결혼 통보 그리고 특히 멤버 한 명 때문에 엑소가
혼전임신, 유부돌, 애아빠
등의 꼬리표를 달게 되어 아이돌 그룹 이미지에 타격을 준 것을 강하게 비난하고 있다. 그런 와중에 첸의 갑작스러운 통보식 결혼 발표와 이후의 침묵으로 일부 팬들은 '이번에야말로 정이 떨어졌다', '이제 참을 수 없다'는 식의 반응을 보였다.
“첸 퇴출시켜라… 안 되면 시위할 것” 엑소 팬클럽 성명문 발표
현역 아이돌임에도 미혼 임신에 대한 비판, 그리고 첸이
미필
였기 때문에 첸이 군생활을 하는 동안 아이에 대한 육아를 아내가 전부 떠맡게 될 것, 즉 독박육아에 대한 비난도 있지만, 자녀가 있으면 신검에서 현역 판정을 받았어도
상근예비역
으로 빠져서 일반적인 외벌이 집처럼 군복무를 할 수 있으며 실제로 2020년 10월 26일,
1사단
에
상근예비역
으로 입대해 복무했다.
#엑소 첸, 오늘(26일) 입대...팀에서 네 번째
엑소 첸, 훈련소 근황 공개…까까머리+밝은 미소 `눈길`
2월 20일에 첸의 사과문과 기획사의 입장문이 나왔다.
첸 심경글, 엑소 팬들 엇갈린 반응 “탈퇴”vs“응원”
첸 사과문 전문
[ 펼치기 · 접기 ]
안녕하세요. 첸입니다.
제 마음을 어떻게 전해야 할지 수없이 고민을 하다 이제서야 엑소엘 여러분들께 글을 남기게 되었습니다.
자칫 서투른 말로 상처를 드릴까봐 걱정도 되지만 먼저 그동안 기다렸을 여러분들께 죄송하단 말씀을 드리고 싶고 저의 갑작스러운 소식으로 많이 놀라고 당황스러웠을 엑소엘 여러분들께 사과의 마음을 꼭 전하고 싶습니다.
처음 글을 썼을 때는 저에게도 난생 처음 일어난 일이라 함께해왔던 엑소엘 여러분들께 어떻게 말을 전해야 할지 고민이 많았습니다. 그래도 제가 직접 여러분들께 사실을 먼저 알려드려야겠단 생각만으로 글을 남겼었는데… 제 마음과는 다르게 저의 부족하고 서투른 말들로 실망하고 상처받은 모습에 저도 마음이 많이 아팠습니다.
제 마음이 잘 전해질지 모르겠지만 지금까지 여러분이 주신 사랑을 진심으로 감사하게 생각하고 그 사랑들이 있었기에 지금의 제가 있다는 것을 누구보다 더 잘 알고 있습니다.
너무 늦게 여러분들께 사과의 마음을 전해드려 다시 한번 죄송하다고 말씀드립니다. 그리고 앞으로도 노력하는 모습 보여드리겠습니다. 감사합니다.
SM엔터테인먼트 공식입장 전문
[ 펼치기 · 접기 ]
안녕하세요. 에스엠엔터테인먼트입니다. 향후 엑소의 활동 방향에 대해 엑소 멤버와 회사의 입장을 말씀드립니다.
당사는 엑소의 매니지먼트 회사로서, 팀과 멤버의 활동 방향은 물론 중요한 사안에 대해서는 멤버들의 의견을 최우선으로 해왔습니다.
멤버 첸의 결혼에 관해 공식적으로 알리기 전, 엑소 멤버들과 논의하는 시간을 가졌고, 엑소 멤버 전원은 멤버 이탈의 아픔을 겪어왔던 만큼, 앞으로도 변함없이 함께 하고 싶다는 의사를 전해 왔습니다. 당사 또한 이러한 멤버들의 의견을 존중하며, 엑소 멤버의 변동은 없음을 알려드립니다.
또한 군 입대를 앞둔 멤버들이 있어, 올해 엑소 활동은 솔로 및 유닛 활동에 집중하는 것으로 작년부터 예정되어 있었으며, 멤버들의 활동은 순차적으로 공개될 예정입니다.
앞으로도 엑소 멤버들은 엑소로서, 솔로, 유닛 등으로 다양하게 활동하며, 팬 여러분의 사랑에 보답하겠습니다.
당사 역시 엑소와 멤버들이 더욱 성장할 수 있도록, 모든 부분에서 최선을 다해 서포트 하겠습니다. 감사합니다.
하지만 이러한 SM엔터테인먼트의 입장문에도 불구하고 팬들은 거센 반발을 보였다. '이탈의 아픔'은 엑소 멤버들이 더 이상 멤버가 엑소에서 나가는 일이 없었으면 좋겠다는 입장 표명이었으나 팬들은 '이탈의 아픔'이라는 말을 썼다며 지금까지 엑소 멤버의 탈퇴를 겪어온 팬들의 입장을 생각하지 않은 입장문이라고 반발했다.
그러나 첸의 탈퇴를 주장하는 팬들은 퇴출 서명문을 발표하며 3월 15일에는 탈퇴를 요구하는 팬덤 측에서 첸의 탈퇴 요구 광고를 버스에 부착해 한 달간 운영을 한다고 밝혔는데, 다름 아닌 시흥시에서 진행한다고 밝혔다. 시흥시는 첸의 본가가 있는 곳이다.
그러나 버스 광고는 얼마 안 가서 시흥시에서 사전에 허가받지 않은 광고물이라며 철거를 명령하면서 중단됐다.
#
버스 광고는 옥외광고물법에 따라 ‘교통수단 이용 광고물’로 분류되며 사전에 시청이나 구청 등의 허가가 있어야 게시할 수 있는데, 시흥시청은 당초 해당 광고의 시안 등을 받은 적도 없으며, 허가를 해 준 적도 없다는 것. 무엇보다도 해당 광고의 내용은 현행법에 저촉될 소지가 있다.
[1]
이에 '시흥시에서는 앞으로 첸에 관련된 어느 광고도 게시하지 않겠다고 말했다'라고 첸의 탈퇴를 요구하는 팬덤 측에서 주장하였다. 이에 첸을 지지하는 측에서는 그와 관련한 시흥시의 녹취록이나 증거가 있으면 내놓으라고 요구하고 있지만 첸의 탈퇴를 요구하는 팬덤은 무시하고 있는 상황이다.
첸 탈퇴요구 버스 광고, 알고보니 '불법'
그후 2020년 4월 29일 기사에 의하여 득녀하였다는 사실을 알렸고
#
임신 7개월이 사실 무근이라고 말한 것과는 다르게 그때 당시 임신 7개월이 맞았다.
[2]
일부
EXO-L
들이 첸에게 실망하고, 첸을 비판하는 이유는 첸이 지속적인 기만으로 팬들을 대했기 때문이다. 평소 팬들은 첸의 연애 여부를 알고 있었으나 첸은 이를 고려하지 않고 임신 사실을 약 7개월이 지난 후에 그제서야 팬들에게 알렸다고 한다. 또한 이 과정에서도 태아가 7개월이 아니라고 강력히 부인했지만 4월 29일에 득녀 소식을 알리며 팬들에게 거짓말을 한 것이 들통났다.
임신 7개월 사실무근 이라더니…SM 부인과 달리 아빠 된 엑소 첸
첸에게 무한한 사랑을 주던 팬들은 갑작스런 공식적인 연애 사실, 결혼 소식, 그리고 임신 소식을 연달아 접해 많이 놀랐을 뿐만 아니라 이 후 팬들에게 사실대로 이야기하지 않고 제대로 된 사과 없이 팬들과 소통도 끊은 채로 개인적인 활동을 계속해 가는 첸의 행보에 큰 실망을 한 상태이다.
엑소로 복귀하는 첸 ‘보이콧’여론 잠재울 수 있나
[3]
하지만 첸 개인의 삶 또한 존중해야 한다는 의견도 존재하지만, 그 과정이 잘못되었다는 비판도 만만치 않다. 같은 소속사 선배가수들을 봐도 알 수 있듯이
최강창민
의 결혼 발표와
려욱
의 결혼에는 큰 반발 없이 오히려 축하해주는 반응이 많았다. 그러나
성민
같은 경우는 결혼과정에서 멤버들과 팬들을 배려하지 않았으며, 어떠한 소통도 없이 독단적으로 활동을 하여 비판을 받았다.
[4]
2020년 10월, 군에 입대하게 되었는데 기혼자에 자녀가 있기 때문에 육군 훈련소 퇴소 후
상근예비역
으로 복무한다. 상근 예비역은 집 주변의 군부대나 동대로 출퇴근하는 현역이다. 더캠프를 조회해보면 상근예비역으로 뜬다.
2021년 11월 16일 군복무 중 둘째를 가졌다는
소식이 알려졌다.
이 소식이 알려지면서
EXO
에서 탈퇴하라는 비판이 거세지고 있다. 이후 2022년 1월 아내가 둘째를 출산했다.
#
2022년 4월 25일 첸이 상근예비역으로서의 군 복무를 마치고 전역했다.
엑소 첸, 오늘(25일) 전역
결국, 첸은 스스로 나와서 사태를 수습하고 상황을 무마하기 노력했다기보다 그냥 대충 얼버무리고 어물쩡 넘어가려는 모습을 보여서 팬들의 실망을 자초했다고 볼 수 있다. 그나마도 코로나 시기라서 모여서 항의하거나 그런 행동이 자제되었던 것이었고 군대로 빠르게 런한 나머지 잊혀진 것이지 첸이 이 문제에 대해서 진솔하게 팬들과 해결을 해서 사람들의 언급에서 사라진 것이 아니다.
[5]
[1]
현재 옥외광고물 등 관리법에 따르면 인권침해 등의 우려가 있는 광고는 설치가 불가하다. 실제로 시흥시 측에서는 이에 대한 위반 여부까지 검토하겠다고 밝힌 상황.
[2]
정확히는 6~7개월 사이쯤. 물론 당시 7개월이 이미 넘었고 일반적인 경우보다 늦게 낳았을 가능성도 있다.
[3]
당장 같은 소속사 후배인
조이
또한 열애설 이후 버블을 자주 안 보낸다는 비판이 있었다. 이런 것은 열애의 문제가 아니라 순수하게 워크에식의 문제인데, 첸이 아티스트와 아이돌을 직업으로 가진 사람으로서 책무를 저버리고 사태가 가라앉을 때까지 문제를 방기하는 모습을 보인 것.
[4]
결국 팬들의 거센 반발로 그룹 활동에 참여하지 못하였고, 멤버들도 성민을 전혀 언급하지 않고
SUPER JUNIOR
는 9명이라고 못박고 있는 상황이라 사실상 그룹에서 퇴출된 상태다.
[5]
군 제대 이후로도 사태를 수습하기보다는 여전히 팬 기만 행보를 이어가고 있어서 팬덤에서는 여론이 좋지 못하며, 공연 시 첸이 등장할 때는 팬미닛을 시전하는 등 일체 반응을 보이지 않고 있다. 최근에는 첸백시 소송이 이어지면서 팬덤에서는 엑소에서 탈퇴하라는 반응이 나올 정도다.
이 문서의 내용 중 전체 또는 일부는
EXO/논란 및 사건 사고
문서의
r213
판에서 가져왔습니다.
이전 역사 보러 가기
VZR2FHC+
서울노인요양원 요양원
seoulcare.modoo.at
고급전원형 요양원, 서울15분거리, 평가우수등급, 넓은 산책로, 꽃밭과 꽃나무
사랑으로 섬기는 사랑방요양원
sarangcarehome.modoo.at
보호자님께서 안심하고  맡기는 사랑방요양원 ,어르신들께 천사같은 직원이 되겠습니다
조용한 가족장 아름라이프상조
www.welldying114.co.kr
장례의 모든것 상담, 임종준비, 부고요령, 유품정리, 상속관계, 고급장례정보 안내
VZR2FHC+
이 저작물은
CC BY-NC-SA 2.0 KR
에 따라 이용할 수 있습니다. (단, 라이선스가 명시된 일부 문서 및 삽화 제외)
기여하신 문서의 저작권은 각 기여자에게 있으며, 각 기여자는 기여하신 부분의 저작권을 갖습니다.
나무위키는 백과사전이 아니며 검증되지 않았거나, 편향적이거나, 잘못된 서술이 있을 수 있습니다.
나무위키는 위키위키입니다. 여러분이 직접 문서를 고칠 수 있으며, 다른 사람의 의견을 원할 경우 직접 토론을 발제할 수 있습니다.
이승기
견미리
skt
한덕수
서유리
우렉 마지노
이재명
전세계(신병 드라마)
산불
21대 대선
이승기
카와카미 프린세스(우마무스메 프리티 더비)/인게임 정보
43초 전
아편전쟁
45초 전
시누아즈리
45초 전
컴투스프로야구2025
46초 전
장흥 임씨
46초 전
라이선스
47초 전
단간론파 어나더 시리즈/기타 등장인물
49초 전
캬리 파뮤파뮤
49초 전
노권철
54초 전
에네즈
55초 전
푸틴, 김정은에 파병 감사…러 ""필요시 北에 군사지원""(종합2보)
대구 산불 확산에 '국가소방동원령'…요양시설 거주자 61명 대피(종합2보)
교황 선출 콘클라베 내달 7일 개시…가톨릭 새 수장은 누구(종합)
국민의힘 '2강' 가리는 2차 대선경선 당원투표 51%로 마감
이주호, 고교 흉기 난동에 ""매우 송구…대응방안 논의 착수""
더 보기
namu.wiki
Contáctenos
Términos de uso
Operado por umanle S.R.L.
Hecho con ❤️ en Asunción, República del Paraguay
Su zona horaria es
Asia/Seoul
Impulsado por the seed engine
This site is protected by reCAPTCHA and the Google
Privacy Policy
and
Terms of Service
apply. This site is protected by hCaptcha and its
Privacy Policy
and
Terms of Service
apply."
SM,엑소,찬열,"찬열/논란 및 사건 사고 - 나무위키
최근 변경
최근 토론
특수 기능
찬열/논란 및 사건 사고
최근 수정 시각:
2025-04-23 15:04:53
5
편집 요청
편집 요청
이용중인 IP는 문서 훼손행위가 자주 발생하는 IP이므로 로그인이 필요합니다.
(이 메세지는 같은 인터넷 공급업체를 사용하는 다른 누군가로 인해 발생했을 가능성이 높습니다.) (#98793)
만료일: 무기한
사유: 동국대학교 공용 IP
편집 권한이 부족한 경우 아래의 '편집 요청' 버튼으로 편집 요청을 생성할 수 있습니다.
[편집 요청 도움말]
편집 요청
닫기
토론
역사
분류
찬열
EXO/사건 사고
대한민국의 인물별 논란
상위 문서:
찬열
관련 문서:
EXO/논란 및 사건 사고
주의. 사건·사고 관련 내용을 설명합니다.
사건 사고 관련 서술 규정
을 유의하시기 바랍니다.
[ 음반 목록 ]
그래도 돼 (Good Enough)
디지털 싱글
2023. 10. 20
Black Out
미니 1집
2024. 08. 28.
[ 참여 음반 ]
녹음 참여
Bad Girl
피처링
2014. 07. 14.
Rewind (Korean. Ver.)
피처링
2014. 10. 31.
돈 벌지마
피처링
2015. 11. 07.
어떤 말로도 (Confession)
피처링
2016. 04. 19.
다시 사랑한다면
피처링
2016. 05. 25.
Freal Luv
피처링
2016. 10. 14.
Stay With Me
OST
2016. 12. 03.
Let Me Love You
콜라보
2017. 02. 23.
We Young
SM STATION X 0
2018. 09. 14.
봄 여름 가을 겨울 (SSFW)
SM STATION 3
2019. 04. 25.
Go away go away
OST
2020. 01. 20.
Yours (Feat. 이하이, 창모)
콜라보
2020. 05. 12.
안부
피처링
2020. 06. 15.
OCEAN VIEW
피처링
2020. 08. 13.
Faded
피처링
2020. 09. 03.
minimal warm
OST
2020. 11. 01.
더 박스 THE BOX OST
OST
2021. 03. 25.
Tomorrow
SM STATION
2021. 04. 06.
프로듀싱 참여
약속 (EXO 2014)
작사 참여
2015. 06. 03.
约定 (EXO 2014)
작사 참여
2015. 06. 03.
돈 벌지마
작사 참여
2015. 11. 07.
LIGHTSABER
작사 참여
2015. 11. 11.
Heaven
작사 참여
2016. 06. 09..
Heaven (Chinese Ver.)
작사 참여
2016. 06. 09.
Freal Luv
작사 참여
2016. 10. 14.
Ko Ko Bop
작사 참여
2017. 07. 18.
소름 (Chill)
작사 참여
2017. 07. 18.
Sweet Lies
작사 참여
2017. 09. 05.
같이해 (Together)
작곡 참여
2017. 10. 25.
LIGHTSABER
(Japanese Ver.)
작사 참여
2018. 01. 31.
Gravity
작사 참여
2018. 11. 02.
가끔 (With You)
작사·작곡 참여
2018. 11. 02.
LOVE SHOT
작사 참여
2018. 12. 13.
What a life
작사 참여
2019. 07. 22.
있어 희미하게 (Just us 2)
(feat. Gaeko)
작사 참여
2019. 07. 22.
부르면 돼 (Closer to you)
작사 참여
2019. 07. 22.
선 (Borderline)
작사 참여
#373a3c,#dddf 2019. 07. 22.
롤러코스터
(Roller coaster)
작사·작곡·편곡 참여
2019. 07. 22.
夢 (Daydreamin')
작사·작곡·편곡 참여
2019. 07. 22.
익숙해
작사·작곡·편곡 참여
2019. 12. 24.
SLOW WALK
작사·작곡·편곡 참여
2020. 01. 23.
Confession
작사·작곡·편곡 참여
2020. 04. 21.
안부
작사 참여
2020. 06. 15.
10억뷰 (Feat. MOON)
작사 참여
2020. 07. 13.
Say It (Feat. 페노메코)
작사 참여
2020. 07. 13.
로데오역
작사 참여
2020. 07. 13.
척 (Feat. 10CM)
작사·작곡·편곡 참여
2020. 07. 13.
시차적응
작사 참여
2020. 07. 13.
날개 (Feat. Gaeko)
작사·작곡·편곡 참여
2020. 07. 13.
Nothin'
작사·작곡 참여
2020. 07. 13.
On Me
작사·작곡·편곡 참여
2020. 07. 13.
Faded
작사·작곡 참여
2020. 09. 03.
Break Your Box
작사 참여
2021. 03. 25.
Tomorrow
작사 참여
2021. 04. 06.
기도 (Prayer)
작사 참여
2021. 12. 03.
Regret It
작사 참여
2023. 07. 10.
그래도 돼 (Good Enough)
작사 참여
2023. 10. 20.
[ 출연 작품 ]
영화
장수상회
민성
2015
그래서 나는 안티팬과 결혼했다
후준
2016
더 박스
지훈
2021
드라마
우리 옆집에 EXO가 산다
찬열
2015
미씽나인
이열
2017
알함브라 궁전의 추억
정세주
2018
뮤지컬
메이사의 노래
라만
2021
블루헬멧 메이사의 노래
라만
2022
[ 관련 문서 ]
활동
음반
방송
유튜브
NNG ᄂᄂᄀ
논란 및 사건 사고
1
. 개요
2
. 논란
2.1
. 럽스타그램 의혹과 해명
2.2
.
게임
불법 다운로드 논란
2.3
. 전여자친구의 사생활 폭로 논란
2.3.1
. 팬덤 반응
2.3.2
. 소속사 입장
2.3.3
. 이후 본인 대처와 팬들의 반응
2.3.4
. 사생활 관련 허위사실 게시자 검찰 송치
2.3.5
. 국내외 여파
3
. 사건 사고
3.1
. 여성 운전자 위협 루머 피해
1.
개요
[편집]
찬열
의 논란 및 사건 사고에 대한 문서.
2.
논란
[편집]
2.1.
럽스타그램 의혹과 해명
[편집]
2016년 5월 28일. 서울 재즈 페스티벌에 다녀온 뒤
소녀시대
태연
을 팔로우해서 열애를 했다는 논란이 있었다.
#
일부 팬들이 ""평소 인터넷 눈팅도 자주 하고 팬들 마음도 잘 안다고 하면서 같은 그룹 멤버의 과거 스캔들 상대를 팔로우하는 것은 적절하지 않다""라고 반응했다. 그리고 과거 본인이 SNS에 올린 사진과 관련하여 비공개 인스타그램 계정이 있다는 의혹이 제기되었다.
찬열이 태연과는 서울 재즈 페스티벌에서 우연히 만났을 뿐이며 팔로우 또한 우연이고, 비공개 계정은 없다고 해명했다. 이번 해명 글은 과거에 올렸던 글과는 다르게 말투가 매우 격하다. 이 논란 때문에 마음 고생이 심했던 듯하다. 찬열이 인스타에 달달한 노래를 올리거나, 놀러간 사진을 올리기만 하면 럽스타그램을 한다고 멋대로 루머를 만드는 무개념 망상증 팬들과, 논란을 만들기 위해서 매사에 트집을 잡는 안티들에게 시달리고 있던 점이 한 몫을 한 듯하다.
2.2.
게임
불법 다운로드 논란
[편집]
포켓몬 GO
가 아닌
포켓몬스터 금·은
의 플레이 장면을 찬열이 자신의 SNS 계정에 올렸다. 이 장면이 스마트폰 촬영 화면으로 보였고 이 게임은 스마트폰으로 할 수 없는 게임이어서 불법 다운로드했다는 논란이 벌어졌다. 포켓몬스터 금·은 한글판은 2002년
게임보이 컬러
전용으로 나왔고, 컴퓨터나 스마트폰 등을 통해서 플레이하는 것은 불법이다.
찬열은 해당 게시글을 삭제하였고 이후
사과문
을 같은 계정에 게시하였다. 다만 최초에 올렸던 사과문이 3인칭 화법, 과도한 느낌표 사용, 셀카 첨부
[1]
등의 문제로 인해 다소 가벼워 보인다는 지적을 받았다. 특히 맨 끝 문장에 ""정품을 애용하는 찬열이가 될게요!!""는 마치 초등학생들이 반성문 제출한 느낌. 결국 삭제됐고 검은 바탕, 느낌표가 제거된 문장으로 이루어진 현재의 사과문이 게시되었다.
2.3.
전여자친구의 사생활 폭로 논란
[편집]
2020년 10월 29일,
디시인사이드
여자 연예인 갤러리
에, 자신이 찬열과 약 3년간 사귄 전 여자친구라고 주장하는 사람이 나타났다.
#
아카이브
그녀는 찬열의 전 여자친구라는 것을 인증하기 위해 '790일째 사랑 중'이라는 이벤트 문구가 포함된 사진, 찬열과 함께 스킨십을 하며 찍은 사진을 올렸다. 그리고 찬열이 자신과 사귀는 약 3년 동안 걸그룹 멤버들, 유튜버, BJ, 댄서, 승무원, 자신의 지인 등 10명이 넘는 여자들과
바람
을 피웠다고
주장
했다.
기사
한편 디시 특성상 이런류의 글이 올라오면 조롱댓글이 달리거나
어그로
라며 무시하기 일수지만, 이 글은 인증사진까지 포함되어 올라온것에 진짜 폭로글임을 느낀 갤러들이 ‘여자 연예인 갤러리의 이미지가 좋지 않으니 여기서 쓴 글을 지우고
네이트 판
으로 가서 글을 쓰라’고 진지하게 조언해 주는 진풍경이 벌어지기도 했다. 당시 전여자친구가 쓴 댓글을 보면 인터넷 커뮤니티를 잘 몰라서 익명글을 쓸 수 있는 곳이 디시 갤러리 뿐인줄 알았다고 한다.
제목: 안녕하세요 저는 ㅇㅅ 멤버 ㅂㅊㅇ 전여자친구입니다
안녕 찬ㅇ아 너도 디시인사이드를 보는진 모르겠다
내가 너 때문에 생전 안 해본 폭로글이라는 걸 한번 써보려고 해
되게 좋게 헤어진 줄 알았는데 갑자기 이런 글 보면 많이 놀라겠다
근데 나도 너한테 속았던 지난 3년이 너무 더럽고 추악해져버렸어.
찬ㅇ아 이건 너의 업보고 니가 시작한거야
2017년 10월 말 쯤 대뜸 아는 지인한테 내 번호를 받았다고 니가 먼저 연락했고 여느 다른 커플들처럼 썸을 타고 연락을 이어가다가 너의 고백을 시작으로 우린 진지하게 만나게 됐지
그리고 최근까지 3주년을 앞두고 난 충격적인 사실들을 알게되었어
내 눈과 귀로 직접 보고 듣기 전까진 믿지 않으려 했건만
끝까지 아니라는 너의 말에 난 그것조차도 믿었어
하지만 넌 나와 만나던 3년이란 시간안에 누군가에겐 첫경험 대상이었으며 누군가에겐 하룻밤 상대였고 내가 세상 모르고 자고 있을 때면 넌 늘 새로운 여자들과 더럽게 놀기 바빴어
그 안엔 참 다양한 걸그룹도 있었고 유투버며 Bj며 댄서 승무원 등등 이하생략
좋았니?
참 유명하더라
나만빼고 니 주위 사람들은 너 더러운거 다 알고있더라
진짜 정말 나랑 니 팬들만 몰랐더라
니가 싫어하던 그 멤버가 우리 사이 모르고 나한테 관심 보였을 때도 멤버한테 말 한마디 못 하던 니 모습에 참 의아했었어
앞에서는 기분나쁜 티도 못 내고 뒤에서만 엄청 욕하던 이유가 너가 당당하지 못해서였다는 것도 이제서야 보여
내가 우스갯소리로 그랬잖아 바람 피려먼 몰래 피라고
근데 정말 몰래 많이도 폈더라..
내가 들은 것만 10명이 넘어 ㅊ열아
니가 사람새끼면 적어도 내 지인들은 건들지 말았어야지
헤어진지 이틀도 안 지나서 붙잡겠다고 너한테 전화왔을때도 내가 들었던것들 얘기하니 한 마디도 못 하고 모르는 척 하길래 너가 잤던 애들 이름 얘기하니까 3초 정적 하더니 걔가 뭐? 한마디 하는데 얼마나 기가차던지 근데 그거알아?
나 그거
녹음
해놨어 너가 어떤 변명을 하는지 듣고싶어하는 피해자들이 있길래
근데 이와중에 웃긴건 넌 단한번도 너랑 놀고먹고자고 한 여자애들 이름 얘기 꺼내면 모른단 말은 안하더라.. 척이라도 하지 그랬어 얼마나 우스웠으면 ㅎ.. 겁도 없다 그런 너한테 3년간 속은 나는 뭘까...
그래 나도 탓이 있다면 너가 이런 새끼인줄도 모르고 지켜주려하고 마냥 신뢰하며 사람보는 눈이 없어도 너무 없었던거
잘못이 있다면 그거 하나가 딱 내 잘못인 것 같다
너랑 찍은 사진들도 숨기고 혹여나 유출이라도 돼서 우리가 만난다는 사실이 밝혀지면 너의 일에 지장이 갈까봐 친한 친구에게도 남자친구가 있다는 사실조차 다 숨기고
여자문제로 음악생활에 문제 생기면 죽어버리겠다는 니 말만 믿고 너를 지켜주느라 바빴어
제발 사람 구실 좀 해라..
이거 말고도 내가 입 열면 더 일커지는건 얘기 안할게
물론 뭔지는 너가 제일 잘 알겠지만
더 추잡해지기 싫어서 그간의 개같은 그 정 때문에
딱 여기까지만 할게
이제 니 이름만 들어도 가슴이 철렁 내려앉아
세상사람들이 얼마나 니가 나쁜새끼인지 알았으면 좋겠어
연락은 하지마.
폭로글 전문
2.3.1.
팬덤 반응
[편집]
대체로 옹호 측에서는 아래와 같은 주장을 내세우고 있다.
폭로글 속 사진이 외국인이 만든 합성 사진이라는 게 들통남. 인스타그램에 검색하면 나오는 사진임. 인물 테두리가 하얗고 전체적인 이미지가 인위적이고 부자연스러움
[2]
그 사람이 엑소 안티로 활동하여 엑소가 싫다는 둥의 글을 지속적으로 올린 것이 확인됨.
폭로글 속에서 2017년 10월부터 사귀었다고 했는데 그 무렵 찬열의 오른팔에는 문신이 없음. 찬열은 이전에 L-1485라는 문신을 오른팔에 새겨둠.
[3]
고등학교 생활 및 평소 생활도 바르다고 알려짐. 고등학교 동창 등이 올린 평소 행실을 보면 절대 그럴 일 없을 것이라 보이고, 실제 고등학교 담임선생님도 성실하고 바른 학생이라고 이야기하고 있음.
2017년 10월에서 몇 개월 이후에 사귀었으면 790일이 2019년 가을-겨을 쯤인데 찬열 당시 머리는 탈색 머리 또는 핑크색 머리였음. 하지만 사진 상에선 흑발.
다음은 반박 측의 주장이다
합성이라는 의견이 있으나 불충분한 증거이며 오히려 해당 사진들의 배경은 기존 사진들에서 찾을 수 없기 때문에 합성이라고 보기 힘들다.
해당 사진은 좌우반전된 사진이며, 자세히 보면 아래로 내린 팔(당사자 기준 오른쪽)에 문신이 보인다. 케이크에 꽂혀 있는 문구 때문에 헷갈리기 쉬우나 케이크에 꽂힌 문구는 찬열 쪽에서 제대로 보이도록 꽂아 놓았기 때문에 좌우 반전이 되었을 때도 정상적으로 보일 수 있으며 해당 사진의 조던 마크를 보면 좌우 반전임을 알 수 있다.
커뮤니티에 대해 잘 모르는 상황에서 여연갤에 글을 썼는데, 이후 게시판 이용자들이 네이트판에 글을 쓸 것을 추천하여 글을 삭제하고 네이트판에 글을 올렸다고 해명했음
[4]
아이돌에게는 이미지가 중요한 건 둘째치고 찬열이 이 논란에 대하여
해명하지 않고 잠수 타고 있는 것과 다름없기 때문에
, 팬들은 사실이든 아니든 본인이 직접 해명하라고 주장했다.
2.3.2.
소속사 입장
[편집]
2020년 10월 29일
SM엔터테인먼트
는 이례적으로
'공식 입장이 없다
'고 말을 아꼈다.
기사
또한 찬열 역시 해당 논란에 대해서 침묵하였다. 만약 허위사실이라면 아이돌에겐 치명적인 성추문 폭로임에도 불구하고, 법적대응을 전혀 하지 않고 침묵으로 일관한데서 폭로가 기정사실이 된 분위기였으며, 대중의비난과 조롱을 들었다.
2.3.3.
이후 본인 대처와 팬들의 반응
[편집]
논란 후 찬열은 본인 SNS 업로드와 EXO 팬클럽 사이트 Lysn에서의 소통을 중단했다. 동시에 인스타그램 팔로잉도 엑소 멤버를 제외하고는 모두 정리했다. 그러다 약 1달 후인 본인 생일
[5]
에 Lysn에 생일 축하 감사 글을 올리며 오랜만에 얼굴을 비췄다.
사건이 일어난 지 약 두 달이 지났음에도 해명이 하나 없었는데
SBS
정글의 법칙
에 출연하는 것으로 알려졌다. 이에 대해 일부 팬들의 정글의 법칙 시청자 게시판에, 통편집 해달라는 요청이 계속해서 올라왔지만 이후 응원하는 요청으로 바뀌었다.
2021년 2월 24일 찬열이 4개월 만에 글을 올렸다.
#
폭로 논란에 대한 해명은 없으며 믿고 기다려 주신 분들에 대한 감사인사가 담겨있는 글이다.
2021년 2월 26일 찬열이 군입대 예정이라는 기사가 났다.
기사1
기사2
2021년 3월 29일 찬열은 육군 현역으로 군입대했다.
2022년 9월 28일 전역 이후로는 개인 활동에 집중하며 솔로 콘서트도 개최했다. 다만 국내는 저조한 예매 상황을 보이면서 이미지 타격의 여파는 아직까지도 이어지고 있는 듯하다.
#
#
2.3.4.
사생활 관련 허위사실 게시자 검찰 송치
[편집]
2021년 5월 17일 찬열의 사생활 관련 허위사실 게시자를 검찰 송치한다는 기사가 올라왔다.
기사
‘사생활 관련 허위사실 게시자’가 1차 폭로자인지, 2차 폭로자인지, 둘 다인지, 또는 완전히 다른 인물인지 아무것도 공식적으로 밝혀진 바는 없다. 다만 백현의 지인임을 주장했었던 2차 폭로는 당시
백현
이 올린 트윗으로 인해 거짓으로 일단락된 바 있기 때문에 네티즌들은 2차 폭로자가 검찰 송치되었을 것으로 추측한다는 반응이 많았다.
2.3.5.
국내외 여파
[편집]
사건이 일어나기 불과 한 달 전인 2020년 9월
프라다
국내 앰버서더로
아이린
과 함께 찬열이 선정되었는데, 찬열은 상술한 사생활 논란, 아이린은
갑질 논란
으로 엄청난 비난을 받으며 두 명은 제대로 된 앰버서더 활동도 없이 끝나고 말았다. 특히 찬열은 국내 최초 프라다 글로벌 앰버서더라는 타이틀까지 달았으나 이 사건 직후 광속으로 수납되는 망신을 겪었으며 프라다는 졸지에 “
악마는 진짜로 프라다를 입는다
”는 등 조롱거리가 되면서 덩달아 망신을 당하는 수모를 겪었다.
#
전역 이후로는 개인 활동에 집중하며 솔로 콘서트도 개최했는데, 저조한 예매 상황을 보이면서 국내팬들에게는 아직까지도 그 여파가 이어지고 있는 듯하다.
#
#
3.
사건 사고
[편집]
3.1.
여성 운전자 위협 루머 피해
[편집]
2022년 바이크 인플루언서
장시내
가 자신에게 손가락 욕과 위협운전을 한 운전자로 엑소 찬열을 간접적으로 지목해서 생긴 논란이다.
조선일보
앞서 장시내는 2022년 3월 9일, 자신이 운영하는 유튜브 채널
씨네마틱
에 위와 같은 영상을 올렸다. 해당 영상은 자신이 스쿠터로 출근하던 도중 위협운전을 하고 손가락 욕을 날린 난폭 운전자가 유명 아이돌이라는 주장을 담고 있었다. 영상에서는 고소를 피하기 위해 특정 이름을 직접 언급하지는 않았지만, 알 사람들은 알 수 있게 엑소 찬열을 지목하는 간접적인 힌트들을 남겨 놓았다.
영상에서 모자이크 되어 첨부된 사진이 찬열의 이미지이고, 이 외에도 장시내는 찬열을 간접적으로 언급하는 댓글들에 좋아요를 누르며 맞장구치는 답글들을 달았다.
[6]
즉, 장시내는 찬열 외의 다른 아이돌을 추정하였는데 네티즌들이 찬열로 잘못 추정한 게 아니라,
애초에 장시내 본인 단계에서부터 찬열로 추정하고 영상을 만들었음
을 알 수 있다.
한 달 뒤인 4월 26일,
채널S
의
진격의 할매
에 출연하여 해당 일화를 언급하며 운전자가 유명 아이돌이었다고 발언하면서 위 영상이 재조명되었고, 영상 속 남성이 찬열이라는 의혹이 퍼지기 시작하면서 논란이 가속화되었다.
이에 27일 소속사
SM엔터테인먼트
는
""해당 영상 속 인물은 찬열이 아니다"", ""차량도 찬열 소유 차량과 전혀 다르다""
라며
""허위 사실 유포에 대해 강경대응 할 것""
이라고 밝혔다.
기사
영상 속 차량 V8(사이드미러 색 검정)
엑소 찬열의 V12(사이드미러 색 회색)
이후 오히려 영상 속 욕설남과 찬열이 동일인이 아니라는 근거들이 나오고 있는데, 우선 유튜버는 두 인물이 같은 차량을 몬다고 주장하였으나, 실제로 영상 속 차종은 V8이지만 찬열의 차종은 V12이며 또한 두 기종은 사이드미러 색깔에서도 명백한 차이가 난다.
찬열이 V8 차량을 모는 사진이 존재하긴 하나, 해당 차량은 찬열 본인 소유의 차량이 아닌 뮤직비디오 차량으로 밝혀졌다.
[7]
이외에 장시내가 주장한 근거들에도 허점이 많은데, 영상 속 남성이 에르메스백 안에 강아지를 넣었다고 주장했으나 영상 내에서는 하얀색 물체가 강아지인지 명백히 판별이 안된다는 점, 영상 속 남성의 손가락에 타투가 있다고 주장했으나 마찬가지로 영상 내에서는 식별이 안 되는 점, 또한 '운전자 신고 시 상대방이 연락처를 알고 있는지 묻는 경우가 없다'거나 '카메라를 찍으려 하자 후드로 얼굴을 가렸다'는 등
찬열
임을 증명할 수 없는 주장들
[8]
을 단서로 끼워 넣은 점이다.
한편
진격의 할매
측은 “제작진은 해당 출연자와 팩트 체크를 진행했다. 관련 이슈가 있었다는 부분은 확인했으나 상대가 누구인지는 출연자 의사에 따라 확인할 수 없었다”라고 해명하면서 “해당 내용은 편집될 예정”이라고 말했다.
기사
결국 4월 28일 장시내는 자신의
인스타그램
에
해명문
을 올렸으나, 자신은 실명을 밝힌 적이 없는데 네티즌들이 멋대로 찬열로 추측했을 뿐이라는
변명만 늘어놓아서 더 비판을 받았다.
해명문 전문
많은 분들이 혼란스러운 상황을 겪으셨을 것 같아 죄송하다는 말씀을 먼저 드리고 조금이나마 오해를 풀고자 이렇게 해명글을 올립니다.
먼저 저는, 사적인 자리나 공적인 자리에서 실명을 거론한 적은 일절 없으며, 그 해당 범인을 찾더라도 앞으로 공개할 의사는 없습니다.
유튜브에서 영상 속 인물이 누구일지 저의 입장대로 보고 느낀대로 만들긴 했지만 그 영상을 보고 달린 추측성 댓글들과 제가 방송에서 거론한 위협운전을 당했다는 내용이 자극적인 기사의 소재로 시작되어, 왜곡된 소문이 마치 밝혀진 사실처럼 알려진 것 같아 저도 많이 유감입니다.
저 역시 위협운전 차량으로 인해 피해를 입었지만 추측성 댓글들로 인해 피해를 입으셨을 그분께는 이 자리를 빌어 죄송하다는 말씀을 드리고 싶습니다. 근거 없는 추측으로 인한 또 다른 피해는 원치 않기 때문에 영상과 관련된 다른 피드들은 삭제하겠습니다.
다시 한번, 오해로 인해 불편함을 겪으셨을 분들에게 죄송하다는 말씀을 드리고 앞으로는 더욱 더 신중하게 소통하도록 노력하겠습니다.
긴 글 읽어주셔서 감사합니다.
[1]
인스타그램은 사진 없이는 업로드할 수가 없기 때문에 사과문을 업로드할 경우 보통은 검은 바탕 사진을 업로드한다.
[2]
한 사진 속 케이크의 790일 문구는 (셀프 카메라 기준) 좌우 반전이 되어있지만 찬열이 쓴 비니는 그렇지 않음.
[3]
사진의 각도에서는 그 문신이 보일 것이라 주장
[4]
[5]
11월 27일
[6]
현재는 댓글을 막아놓았다.
[7]
추정상, 박시내는 찬열을 이용해 자신의 채널을 떡상시키기 위해 주작을 하려고 한 것으로 보인다. 해당 영상을 보면 실제 영상이라고 삽입한 영상 이전에 '재연' 영상이라고 나오는데 재연 영상을 찍을 수 있을 만큼 해당 손가락 욕설을 할 남성 대역과 동일한 차량을 이미 가지고 있었다면 해당 실제 영상 부분도 짜고친 주작이라는 합리적 의심을 할 수 있다. 구글 검색하다 찬열이 위 V8 차량을 모는 이미지를 보고 찬열이 V8 차량을 사용한다고 착각해 이와 같은 주작을 꾸몄으나 알고 보니 V12 차량을 사용했어서 주작임이 밝혀진 것.
[8]
연예인이 아닌 보통 사람들도 모르는 사람이 카메라를 들고 자신의 얼굴을 촬영하려 한다면 얼굴을 노출하고 싶지 않은 경우가 대부분이다.
이 문서의 내용 중 전체 또는 일부는
찬열
문서의
r1635
판,
8번 문단
에서 가져왔습니다.
이전 역사 보러 가기
VZR2FHC+
우리웰치과의원
wooriwell.co.kr
구로구 고척동 위치, 개봉역 2번 출구, 임플란트, 사랑니 발치, 일요일 진료
인천중구부동산 천백부동산
www.7771100.co.kr
인천중구부동산, 매매, 전세, 월세, 실사진등록, 주인직접 매물등록 및 매수등록중
부동산전문중구부동산
www.강남창업114.com
상가점포 임대매매전문 창업에서 성공까지 최선을 다하는 부동산 전문가중구부동산
VZR2FHC+
이 저작물은
CC BY-NC-SA 2.0 KR
에 따라 이용할 수 있습니다. (단, 라이선스가 명시된 일부 문서 및 삽화 제외)
기여하신 문서의 저작권은 각 기여자에게 있으며, 각 기여자는 기여하신 부분의 저작권을 갖습니다.
나무위키는 백과사전이 아니며 검증되지 않았거나, 편향적이거나, 잘못된 서술이 있을 수 있습니다.
나무위키는 위키위키입니다. 여러분이 직접 문서를 고칠 수 있으며, 다른 사람의 의견을 원할 경우 직접 토론을 발제할 수 있습니다.
이승기
견미리
skt
한덕수
서유리
우렉 마지노
이재명
전세계(신병 드라마)
산불
21대 대선
이승기
반가사유상
26초 전
윤지숙(7인의 탈출)
30초 전
할로윈(2018)
30초 전
서산영덕고속도로
31초 전
봄
34초 전
뮤엘시스
39초 전
존 왓슨(레이싱 드라이버)
41초 전
아름다운 것
42초 전
2025년 NBA 플레이오프/1라운드/동부 컨퍼런스
43초 전
엘런 예거/작중 행적/2부
46초 전
푸틴, 김정은에 파병 감사…러 ""필요시 北에 군사지원""(종합2보)
대구 산불 확산에 '국가소방동원령'…요양시설 거주자 61명 대피(종합2보)
교황 선출 콘클라베 내달 7일 개시…가톨릭 새 수장은 누구(종합)
국민의힘 '2강' 가리는 2차 대선경선 당원투표 51%로 마감
이주호, 고교 흉기 난동에 ""매우 송구…대응방안 논의 착수""
더 보기
namu.wiki
Contáctenos
Términos de uso
Operado por umanle S.R.L.
Hecho con ❤️ en Asunción, República del Paraguay
Su zona horaria es
Asia/Seoul
Impulsado por the seed engine
This site is protected by reCAPTCHA and the Google
Privacy Policy
and
Terms of Service
apply. This site is protected by hCaptcha and its
Privacy Policy
and
Terms of Service
apply."
SM,엑소,디오,"EXO/논란 및 사건 사고 - 나무위키
최근 변경
최근 토론
특수 기능
EXO/논란 및 사건 사고
최근 수정 시각:
2025-04-15 18:05:42
3
편집 요청
편집 요청
편집 권한이 부족합니다. 로그인된 사용자(이)여야 합니다. 해당 문서의
ACL 탭
을 확인하시기 바랍니다.
편집 권한이 부족한 경우 아래의 '편집 요청' 버튼으로 편집 요청을 생성할 수 있습니다.
[편집 요청 도움말]
편집 요청
닫기
토론
역사
분류
EXO/사건 사고
상위 문서:
EXO
시우민
수호
백현
첸
찬열
디오
카이
세훈
[ 전 멤버 ]
루한
크리스
레이
타오
[ 서브 그룹 ]
[ 유닛 목록 ]
[ 한국 · 중국 음반 ]
What Is Love
프롤로그 싱글
2012. 01. 30.
History
프롤로그 싱글
2012. 03. 09.
MAMA
미니 1집
2012. 04. 09.
XOXO (Kiss&Hug)
정규 1집
2013. 06. 03.
XOXO (Kiss&Hug) (Repackage)
정규 1집 리패키지
2013. 08. 05.
12월의 기적 (Miracles in December)
겨울 스페셜 앨범
2013. 12. 09.
중독 (Overdose)
미니 2집
2014. 05. 07.
EXOLOGY CHAPTER 1: THE LOST PLANET
라이브 앨범
2014. 12. 22.
EXODUS
정규 2집
2015. 03. 30.
LOVE ME RIGHT
정규 2집 리패키지
2015. 06. 03.
Sing For You
겨울 스페셜 앨범
2015. 12. 10.
EX'ACT
정규 3집
2016. 06. 09.
LOTTO
정규 3집 리패키지
2016. 08. 18.
For Life
겨울 스페셜 앨범
2016. 12. 19.
THE WAR
정규 4집
2017. 07. 18.
The Power of Music
정규 4집 리패키지
2017. 09. 05.
EXO PLANET #3 -The EXO'rDIUM(dot)
라이브 앨범
2017. 10. 25.
Universe
겨울 스페셜 앨범
2017. 12. 26.
DON'T MESS UP MY TEMPO
정규 5집
2018. 11. 02.
LOVE SHOT
정규 5집 리패키지
2018. 12. 13.
EXO PLANET #4 -The EℓyXiOn(dot)
라이브 앨범
2019. 01. 30.
OBSESSION
정규 6집
2019. 11. 27.
EXO PLANET #5 - EXplOration
라이브 앨범
2020. 04. 21.
DON'T FIGHT THE FEELING
스페셜 앨범
2021. 06. 07.
Let Me In
선공개 싱글
2023. 06. 12.
Hear Me Out
선공개 싱글
2023. 06. 30.
EXIST
정규 7집
2023. 07. 10.
[ 일본 음반 ]
Love Me Right ~Romantic Universe~
싱글 1집
2015. 11. 04.
Coming Over
싱글 2집
2016. 12. 07.
COUNTDOWN
정규 1집
2018. 01. 31.
BIRD
디지털 싱글
2019. 11. 04.
BIRD (EXO PLANET #5 - EXplOration - in JAPAN)
라이브 싱글
2020. 04. 22.
BIRD (THE BEST Ver.)
디지털 싱글
2023. 04. 15.
[ 참여 음반 ]
Dear My Family
OST
2012. 04. 24.
LIGHTSABER
콜라보
2015. 11. 11.
LIGHTSABER (Japanese Ver.)
콜라보
2016. 01. 19.
LOVE ME RIGHT
콜라보
2016. 05. 08.
Dancing King
SM STATION
2016. 09. 17.
Power (Remixes)
SM STATION 2
2017. 10. 20.
Dear My Family
SM STATION 2
2017. 12. 29.
2025 SMTOWN : THE CULTURE, THE FUTURE
SMTOWN 30주년 기념 앨범
2025. 02. 14.
[ 관련 문서 ]
활동
음반
(초동)
활동
(역사)
음악 방송
수상
공연 및 행사
(콘서트)
사건 사고
V LIVE
라디오
YouTube
팬덤
응원법
EXO-L
사건 사고
예능
엑소의 쇼타임
EXO 902014
무한도전 댄싱킹
사다리 타고 세계여행
심포유
엑소 오락관
기타
데뷔 프로모션
세계관
우리 옆집에 EXO가 산다
1
. 개요
2
. 그룹
2.1
. 게임 캐릭터 표절 사건
2.2
. 앨범 타이틀곡 및 수록곡 유출 사건
2.3
.
중국인
멤버들의 연이은 탈퇴 사건
2.3.1
.
크리스
2.3.2
.
루한
2.3.3
.
타오
2.4
.
LOVE SHOT
표절 논란
2.5
.
시우민
,
백현
,
첸
의
SM엔터테인먼트
전속계약 해지 통보
3
. 개인
3.1
.
백현
3.2
.
첸
3.3
.
찬열
3.4
.
디오
3.4.1
. 실내 흡연 논란
3.5
.
카이
4
. 전 멤버
4.1
.
크리스
4.2
.
레이
4.3
.
타오
1.
개요
[편집]
SM엔터테인먼트
소속 보이그룹
EXO
의 논란 및 사건 사고를 정리한 문서.
주의. 사건·사고 관련 내용을 설명합니다.
사건 사고 관련 서술 규정
을 유의하시기 바랍니다.
2.
그룹
[편집]
2.1.
게임 캐릭터 표절 사건
[편집]
좌로부터 블루투스 스피커용 캐릭터,
3DS
로 재현한 Mii, 엑소런용 캐릭터
2015년 11월 EXO 멤버들의 모습을 본떠
피규어 블루투스 스피커
가 제작되었는데, 여기 나온 엑소 캐릭터가
닌텐도
의 아바타 시스템인
Mii
를 고스란히 베낀 듯한 디자인이라 구설수에 올랐다. 표절이라고 주장하는 쪽에서는 엑소 캐릭터가 Mii로 충분히 커스터마이징 가능한 수준이라고 주장한다. 쉽게 말해 엑소 캐릭터가 쓰고 있는 모자만 제외하면 나머지 부분을 아예 Mii로 똑같이 만들 수 있는 정도라는 것. (
Mii
문서 참고.) 이에 대해 게임 제작사 쪽도, SM 쪽도, 닌텐도 쪽에서도 아무 입장을 내놓은 것이 없으므로 아직까지 명확한 결론은 나지 않았다.
2016년 7월 이 캐릭터를 다시 한 번 활용한 EXORUN(엑소런)이라는 게임도 출시됐다.
문화체육관광부
가 실시한 '콘텐츠 가치평가'를 제1호로 통과하면서 제작비를 초과한 5억 원을 투자받게 됐다.
#
이를 두고
쿠키런
의 아류작급으로 느껴지는 데다 표절 의혹이 있는 캐릭터를 활용한 게임에 국민 세금
[1]
을 지원해주는 게 적절하냐는 의문이 있다.
2.2.
앨범 타이틀곡 및 수록곡 유출 사건
[편집]
유출이 많은 SM이지만 특히 엑소는 유독 유출이 끊이지 않는다. 데뷔 전 티저로 100일 프로모션을 진행할 때 팬들이 SM엔터테인먼트의 웨이보 계정을 해킹했다. 그동안 밝혀지지 않았던 EXO의 전 멤버(심지어 몇 인조인지도 밝혀지지 않았다.)의 예명과 사진이 대량으로 공개되었다. 하지만 진행은 계속 되었다. 이후 MAMA 활동 중간에는 뮤직비디오 안무버전이 일부분 유출되는 해프닝도 발생되었다. 그리고 아직까지도 SM은 뮤직비디오의 미공개 부분을 공개하지 않았다. 티저 사진은 워낙 대량으로 공개되었기 때문에 아예 압축파일째로 인터넷에 돌아다닌다.
2013년 2월 말에는 정규 1집 타이틀곡 '늑대와 미녀(Wolf)', 수록곡 '3.6.5'가 유출되어 많은 팬들에게 충격을 주었다. 컴백은 5월 말. 그러나 뮤비가 공개되기 전 '늑대와 미녀' 안무 영상, 뮤직비디오의 스틸샷이 올라왔으며 6월 3일은 전곡 음원이 나오는 날이었으나 그 이전에 전곡 유출되었다. 8월 1일 후속곡 '으르렁' 뮤직비디오가 공개될 예정이었으나 3일 전 안무 영상이 유출되었다. 카메라 워킹을 위해 방송국으로 보낸 영상이 유출된 것. 이쯤되면 유출이 컨셉같지만 안무가 황상훈이 트위터에서 분노한 것을 보면 분명 타인에 의한 유출이다.
2013년 스페셜앨범 활동 당시 'Christmas Day'라는 곡의 카메라 워킹 체크용 안무 영상이 무대 공개 이틀 전 유출되었다.
2014년 미니 앨범 2집 타이틀곡 '중독'은 쇼케이스 일주일 전부터 EXO-K가 찍은 안무 영상이 유출되었다. 유출된 영상에 방송사 워터마크가 확실하게 드러나 있으며, 안무가 황상훈도 트위터에 이 점을 지적했다.
여태껏 선보인 여섯 개의 댄스곡 중 'History'를 제외하고는 안무 영상이 전부 유출되었으며, 이 중 네 곡은 방송국으로부터 유출된, 카메라 워킹 체크 영상인지라 방송국의 허술한 보안을 말해준다.
2015년 3월 17일 자로 외국 팬들에 의해 'Call Me Baby'의 음원이 유출되었다. 이쯤에선 SM이 의도적으로 유출하는 것 아니냐는 의혹도 나오고 있다.
2015년 6월 1일 외국 팬에 의해 'Love Me Right'의 곡 일부가 유출되었다는 의혹이 있었다.
2015년 12월 'Sing For You'의 저음질 버전이 유출되었다.
2016년 6월 1일 외국 팬에 의해 'Monster' 안무 영상과 데모 음원이 유출되었다.
2016년 8월 17일, 3집 리패키지 앨범 발매 하루 전날에 타이틀곡 'Lotto'의 안무 연습 영상이 유출되었다.
2017년 9월 5일, 4집 리패키지 음원 공개 당일에 타이틀곡 'Power'의 카메라 워킹 체크용 안무 영상이 유출되었다. 2014년 '중독' 유출 때와 마찬가지로 방송사 워터마크가 확실하게 드러나 있었다.
2018년 10월, 정규 5집 ""DON'T MESS UP MY TEMPO""의 안무영상이 유출되었다. 이번 유출 또한 방송사의 실수로 밝혀졌다.
2.3.
중국인
멤버들의 연이은 탈퇴 사건
[편집]
이전에는 탈퇴 이후에도 3명이 SM과의 계약기간이 2022년까지 유지가 되었기 때문에 한동안은 3명의 탈퇴 이후에도 프로필에는 SM 홈페이지에서도, 인터넷 검색 포털에서도 엑소 멤버가 12명으로 표기가 되어있었다.
그러나
타오
의 소송 종결, 엑소 5집 앨범 발매 이후로 홈페이지에서도 이전 멤버가 삭제된 9명으로 표기가 되었다.
2.3.1.
크리스
[편집]
자세한 내용은
크리스 우/논란 및 사건 사고
문서의
2
번 문단을 참고하십시오.
2.3.2.
루한
[편집]
자세한 내용은
루한
문서의
2.2
번 문단을 참고하십시오.
2.3.3.
타오
[편집]
자세한 내용은
황쯔타오
문서의
4.1
번 문단을 참고하십시오.
2.4.
LOVE SHOT
표절 논란
[편집]
해당 곡의 발매 이후
원 디렉션
의
루이 톰린슨
이 발매한 Back to you를 표절했다는 논란이 제기되었다. 그 후
SM엔터테인먼트
의 자세한 입장은 전혀 밝혀지지 않았으나 결과적으로 작곡가 중 한 명인 MZMC가 독일음원저작권협회(GEMA)에 LOVE SHOT 저작권자 명단에 루이 톰린슨을 포함한 Back to you의 저작권자들을 추가하였다.
[2]
일부 있을 수 있는 의견으론 대한민국의 음원저작권협회에 등록된 것이 아니라 독일에 등록된 것이므로 무관하다고 할 수 있으나 대한민국은
베른 협약
에 가입한 국가이므로 해외 저작권 역시 대한민국에 속한 것과 100% 동일하게 취급한다. 이 경우는 원작자들이 대한민국 음악저작권협회에 저작권자 등록 수수료를 납부하는 것이 부당하므로 기존에 이미 개인정보가 등록되어 있는 해외(독일) 저작권협회를 통해 처리한 것이다.
MZMC는 그 뒤에도 저작권 시비가 붙어 2020년
SM엔터테인먼트
와 결별하게 되었다. 그 과정에서 MZMC는 SM 측에 자신이 작곡하거나 참여했던 곡들에 대한 영상 저작권을 제기했고 이 때문에 MZMC의 곡은 DVD/BD로 발매되거나 브이앱 등에서도 영상으로 남길 수 없게 되었다.
기사
2.5.
시우민
,
백현
,
첸
의
SM엔터테인먼트
전속계약 해지 통보
[편집]
자세한 내용은
EXO-CBX 전속계약 해지 통보
문서를 참고하십시오.
3.
개인
[편집]
3.1.
백현
[편집]
자세한 내용은
백현/논란 및 사건 사고
문서를 참고하십시오.
3.2.
첸
[편집]
자세한 내용은
첸(EXO)/논란 및 사건 사고
문서를 참고하십시오.
3.3.
찬열
[편집]
자세한 내용은
찬열/논란 및 사건 사고
문서를 참고하십시오.
3.4.
디오
[편집]
3.4.1.
실내 흡연 논란
[편집]
무니코틴 전자담배 괜찮다? 도경수·임영웅 실내흡연 과태료
대기실 비하인드 영상에서 흡연을 하는 모습이 보여 논란이 되었고, 이때 피우던 전자담배에 니코틴이 없다는 것을 입증하지 못했기 때문에 과태료를 지불했다.
3.5.
카이
[편집]
자세한 내용은
카이(EXO)/논란 및 사건 사고
문서를 참고하십시오.
4.
전 멤버
[편집]
4.1.
크리스
[편집]
자세한 내용은
크리스 우/논란 및 사건 사고
문서를 참고하십시오.
4.2.
레이
[편집]
자세한 내용은
장이씽/논란 및 사건 사고
문서를 참고하십시오.
4.3.
타오
[편집]
자세한 내용은
황쯔타오/논란 및 사건 사고
문서를 참고하십시오.
[1]
문화체육관광부(정부)에서 5억 원을 준다는 것은 세금으로 준다는 것을 의미한다.
[2]
GEMA 저작권 조회 사이트
에서 work code 21970741로 조회하면 루이 톰린슨을 비롯하여
CHANYEOL, PARK
과
CHEN
이 등재되어 있는 LOVE SHOT 음원의 저작권 정보를 확인할 수 있다.
이 문서의 내용 중 전체 또는 일부는 다른 문서에서 가져왔습니다.
[ 펼치기 · 접기 ]
EXO
문서의
r5036
판,
15번 문단
(
이전 역사
)
EXO-CBX
문서의
r331
판,
9번 문단
(
이전 역사
)
첸(EXO)
문서의
r1845
판,
6.1번 문단
(
이전 역사
)
첸(EXO)
문서의
r1845
판,
6.2번 문단
(
이전 역사
)
세훈
문서의
r1818
판,
6.1번 문단
(
이전 역사
)
VZR2FHC+
SBS컴퓨터아트학원 김태욱
mysbsa.com
기초부터 심화 / 개인목적에 맞는 맞춤 커리큘럼 제공
올 봄, 새로운 시작을 함께
dongdaemun.sbsbeautystyle.com
20년이상 인서울대학 교수출신대표가 직접운영&강의&수강생관리까지!
노원네일아트학원 크리스챤쇼보
www.christianchauveaus.co.kr
국비수업가능
온라인문의
학원소개
자격증정보
25년동안 검증된 네일자격증합격 신화, 수업료 할인EVENT 진행중 국비지원 가능
VZR2FHC+
이 저작물은
CC BY-NC-SA 2.0 KR
에 따라 이용할 수 있습니다. (단, 라이선스가 명시된 일부 문서 및 삽화 제외)
기여하신 문서의 저작권은 각 기여자에게 있으며, 각 기여자는 기여하신 부분의 저작권을 갖습니다.
나무위키는 백과사전이 아니며 검증되지 않았거나, 편향적이거나, 잘못된 서술이 있을 수 있습니다.
나무위키는 위키위키입니다. 여러분이 직접 문서를 고칠 수 있으며, 다른 사람의 의견을 원할 경우 직접 토론을 발제할 수 있습니다.
이승기
견미리
skt
한덕수
서유리
우렉 마지노
이재명
전세계(신병 드라마)
산불
21대 대선
이승기
반가사유상
32초 전
윤지숙(7인의 탈출)
36초 전
할로윈(2018)
36초 전
서산영덕고속도로
37초 전
봄
40초 전
뮤엘시스
45초 전
존 왓슨(레이싱 드라이버)
47초 전
아름다운 것
48초 전
2025년 NBA 플레이오프/1라운드/동부 컨퍼런스
49초 전
엘런 예거/작중 행적/2부
52초 전
푸틴, 김정은에 파병 감사…러 ""필요시 北에 군사지원""(종합2보)
대구 산불 확산에 '국가소방동원령'…요양시설 거주자 61명 대피(종합2보)
교황 선출 콘클라베 내달 7일 개시…가톨릭 새 수장은 누구(종합)
국민의힘 '2강' 가리는 2차 대선경선 당원투표 51%로 마감
이주호, 고교 흉기 난동에 ""매우 송구…대응방안 논의 착수""
더 보기
namu.wiki
Contáctenos
Términos de uso
Operado por umanle S.R.L.
Hecho con ❤️ en Asunción, República del Paraguay
Su zona horaria es
Asia/Seoul
Impulsado por the seed engine
This site is protected by reCAPTCHA and the Google
Privacy Policy
and
Terms of Service
apply. This site is protected by hCaptcha and its
Privacy Policy
and
Terms of Service
apply."
SM,엑소,카이,"카이(EXO)/논란 및 사건 사고 - 나무위키
최근 변경
최근 토론
특수 기능
카이(EXO)/논란 및 사건 사고
최근 수정 시각:
2025-04-09 04:52:03
1
편집 요청
편집 요청
이용중인 IP는 문서 훼손행위가 자주 발생하는 IP이므로 로그인이 필요합니다.
(이 메세지는 같은 인터넷 공급업체를 사용하는 다른 누군가로 인해 발생했을 가능성이 높습니다.) (#98793)
만료일: 무기한
사유: 동국대학교 공용 IP
편집 권한이 부족한 경우 아래의 '편집 요청' 버튼으로 편집 요청을 생성할 수 있습니다.
[편집 요청 도움말]
편집 요청
닫기
토론
역사
분류
카이(EXO)
EXO/사건 사고
대한민국의 인물별 논란
상위 문서:
카이(EXO)
관련 문서:
EXO/논란 및 사건 사고
주의. 사건·사고 관련 내용을 설명합니다.
사건 사고 관련 서술 규정
을 유의하시기 바랍니다.
[ 음반 목록 ]
미니 1집
KAI (开)
2020. 11. 30.
미니 2집
Peaches
2021. 11. 30.
미니 3집
Rover
2023. 03. 13.
선공개 싱글
Adult Swim
2025. 04. 03.
미니 4집
Wait On Me
2025. 04. 21.
[ 참여 음반 ]
Younique Album MAXSTEP
MAXSTEP
2012. 10. 31.
S.M. The Performance 'Spectrum'
Spectrum
2012. 12. 30.
피처링
Pretty Boy
2014. 08. 18.
iScreaM
Peaches Remixes
2022. 02. 25.
SMTOWN 겨울 앨범
Hot & Cold (온도차)
2022. 12. 26.
K-POP ScreaM 1
Rover (IMLAY Remix)
2024. 12. 11.
[ 출연 작품 ]
드라마
우리 옆집에 EXO가 산다
카이
2015
초코뱅크
김은행
2015
첫 키스만 일곱번째
카이
2016
안단테
이시경
2017
우리가 만난 기적
아토
2018
[ 관련 문서 ]
음반
방송
YouTube
공연 및 행사
사건 사고
카이의 버킷리스트
1
. 개요
2
.
크리스탈-카이 열애설
3
.
코로나19
방역수칙 발언 논란
1.
개요
[편집]
카이
의 논란 및 사건 사고를 정리한 문서.
2.
크리스탈-카이 열애설
[편집]
자세한 내용은
크리스탈-카이 열애설
문서를 참고하십시오.
3.
코로나19
방역수칙 발언 논란
[편집]
2021년 1월 14일 자정
인스타그램
을 통해 자신의 생일을 기념해 라이브 방송을 진행하면서 한 발언이 논란이 되었다. 이 날 카이는 케이크를 가지고 나와 생일을 자축하면서 영상통화로
VIXX
의
라비
와
핫샷
의
김티모테오
, 그리고 일반인 친구를 불러내 생일 축하 노래를 불렀다. 그런데 서로 떨어진 것처럼 상황극을 펼쳤던 라비와 김티모테오가 통화가 종료되자마자 다시 카이의 인스타라이브에 등장하였고 이어 카이는 ""요즘 건강 수칙(방역 수칙)이 있지 않냐. 5명 이상 모이면 안 되는 거""라며 ""그래서 조촐하게 4명이서. 4명까지는 다 가능하다. 뭐든지"" 라고 말했다.
방송 후, 누리꾼들은 카이가 ‘5인 이상 사적모임 금지’ 조치를 잘못 이해하고 있다는 지적이 나왔으며, 중앙재난안전대책본부(중대본)는 ""5인 이상 모임 금지는 최근 코로나19 확진자가 큰 폭으로 증가하고 감염이 일상생활 곳곳에서 산발적으로 발생함에 따라 사람들 간 접촉을 줄이기 위한 방역수단""이라며 ""모임과 접촉을 통해 감염이 확산된다는 사실을 기억해주시고, 연말연시 모임과 약속을 취소해 주시기 바란다""고 당부하기도 했었다. 이는 사적인 만남을 통해 코로나19가 지역사회에 전파되는 경우가 많으니 아예 모임 자체를 하지 말라는 강력한 메시지의 뜻이기도 하다.
이미 다른 연예인·공인들이 SNS 논란에 사과를 한 사례가 있는 만큼 카이 역시 이번 사태를 심각하게 받아들여야 한다는 지적이 있었지만 별다른 피드백을 내놓지는 않았다.
머니투데이
스포츠경향
이 문서의 내용 중 전체 또는 일부는
카이(EXO)
문서의
r1562
판,
6번 문단
에서 가져왔습니다.
이전 역사 보러 가기
VZR2FHC+
카톡일본어 매일11시
maeil11.com
카톡으로 매일 일본어 실전 표현 3개씩. 국내 18개 콘텐츠 규모.
스톰체대입시교육원
blog.naver.com/stormacademy
대체육관/교육원체육관/2022년40명중36명합격률 95%/건국대체교3년연속합격!
숨마투스 선릉 예체능전문관
blog.naver.com/summatussl
4월개강반
프리미엄반
학원시설
카카오톡
편입생 모집중 - 소수정예로 꼼꼼한 관리, 누구보다 빠르게, 남들과는 다르게 시작
VZR2FHC+
이 저작물은
CC BY-NC-SA 2.0 KR
에 따라 이용할 수 있습니다. (단, 라이선스가 명시된 일부 문서 및 삽화 제외)
기여하신 문서의 저작권은 각 기여자에게 있으며, 각 기여자는 기여하신 부분의 저작권을 갖습니다.
나무위키는 백과사전이 아니며 검증되지 않았거나, 편향적이거나, 잘못된 서술이 있을 수 있습니다.
나무위키는 위키위키입니다. 여러분이 직접 문서를 고칠 수 있으며, 다른 사람의 의견을 원할 경우 직접 토론을 발제할 수 있습니다.
이승기
견미리
skt
한덕수
서유리
우렉 마지노
이재명
전세계(신병 드라마)
산불
21대 대선
이승기
아마기 미카루
12초 전
신병(드라마)/등장인물
13초 전
미얀마/역사
14초 전
시마즈
16초 전
닥터후/뉴뉴 시즌 2
18초 전
배슬기
18초 전
여름 vs 겨울
19초 전
이세영(배우)
19초 전
최강야구 경영권 분쟁
21초 전
앨런 존스
21초 전
푸틴, 김정은에 파병 감사…러 ""필요시 北에 군사지원""(종합2보)
대구 산불 확산에 '국가소방동원령'…요양시설 거주자 61명 대피(종합2보)
교황 선출 콘클라베 내달 7일 개시…가톨릭 새 수장은 누구(종합)
국민의힘 '2강' 가리는 2차 대선경선 당원투표 51%로 마감
이주호, 고교 흉기 난동에 ""매우 송구…대응방안 논의 착수""
더 보기
namu.wiki
Contáctenos
Términos de uso
Operado por umanle S.R.L.
Hecho con ❤️ en Asunción, República del Paraguay
Su zona horaria es
Asia/Seoul
Impulsado por the seed engine
This site is protected by reCAPTCHA and the Google
Privacy Policy
and
Terms of Service
apply. This site is protected by hCaptcha and its
Privacy Policy
and
Terms of Service
apply."
SM,엑소,세훈,
SM,소녀시대,태연,"태연/논란 및 사건 사고 - 나무위키
최근 변경
최근 토론
특수 기능
태연/논란 및 사건 사고
최근 수정 시각:
2025-04-09 04:57:12
2
편집 요청
편집 요청
이용중인 IP는 문서 훼손행위가 자주 발생하는 IP이므로 로그인이 필요합니다.
(이 메세지는 같은 인터넷 공급업체를 사용하는 다른 누군가로 인해 발생했을 가능성이 높습니다.) (#98793)
만료일: 무기한
사유: 동국대학교 공용 IP
편집 권한이 부족한 경우 아래의 '편집 요청' 버튼으로 편집 요청을 생성할 수 있습니다.
[편집 요청 도움말]
편집 요청
닫기
토론
역사
분류
태연
소녀시대/사건 사고
대한민국의 인물별 논란
상위 문서:
태연
주의. 사건·사고 관련 내용을 설명합니다.
사건 사고 관련 서술 규정
을 유의하시기 바랍니다.
[ 한국 음반 ]
I
미니 1집
2015. 10. 07.
Rain
디지털 싱글
2016. 02. 03.
Why
미니 2집
2016. 06. 28.
11:11
디지털 싱글
2016. 11. 01.
My Voice
정규 1집
2017. 02. 28.
My Voice Deluxe Edition
정규 1집 리패키지
2017. 04. 05.
This Christmas – Winter is Coming
겨울 앨범
2017. 12. 12.
Something New
미니 3집
2018. 06. 18.
사계 (Four Seasons)
디지털 싱글
2019. 03. 24.
Purpose
정규 2집
2019. 10. 28.
Purpose
정규 2집 리패키지
2020. 01. 15.
Happy
디지털 싱글
2020. 05. 04.
What Do I Call You
미니 4집
2020. 12. 15.
Weekend
디지털 싱글
2021. 07. 06.
Can't Control Myself
선공개 싱글
2022. 01. 17.
INVU
정규 3집
2022. 02. 14.
To. X
미니 5집
2023. 11. 27.
Heaven
싱글
2024. 07. 08.
Letter To Myself
미니 6집
2024. 11. 18.
[ 일본 음반 ]
Stay
싱글 1집
2018. 06. 30.
VOICE
미니 1집
2019. 06. 05.
I Do
디지털 싱글
2019. 12. 01.
#GirlsSpkOut
미니 2집
2020. 11. 18.
[ 참여 음반 ]
You Bring Me Joy (Part 2)
피처링
2004. 08. 23
7989
듀엣
2007. 11. 01
만약에
OST
2008. 01. 28
들리나요
OST
2008. 09. 19
사랑인걸요
OST
2009. 09. 23
별처럼
듀엣
2010. 11. 17
사랑해요 (I Love You)
OST
2010. 12. 13
달라
듀엣
2011. 01. 31
미치게 보고싶은
OST
2012. 03. 28
가까이
OST
2012. 09. 05
유리아이 (Lost In Love)
듀엣
2013. 01. 01
그리고 하나
OST
2013. 03. 13
Devil's Cry
라이브 2집
2013. 04. 11
BYE
OST
2013. 07. 09
숨소리 (Breath)
듀엣
2014. 02. 10
Set Me Free
S.M. THE BALLAD
2014. 02. 12
Colorful
캠페인
2014. 04. 21
사랑 그 한마디
OST
2014. 05. 30
SHAKE THAT BRASS
피처링
2015. 02. 13
사랑보다 깊은 상처
듀엣
2015. 09. 10
세상이 완벽했다면
피처링
2015. 11. 23
잊어버리지마
피처링
2016. 01. 22
Rain
SM STATION
2016. 02. 03
제주도의 푸른 밤
광고
2016. 04. 12
아틀란티스 소녀
광고
2016. 06. 07
All With You
OST
2016. 09. 13
Lonely
피처링
2017. 04. 24
Rescue Me
일본 OST
2017. 11. 02
Page 0
SM STATION X 0
2018. 08. 10
Angel
피처링
2019. 05. 01
춘천가는 기차
월간 윤종신
2019. 05. 21
헤어질 걸 알아
코러스
2019. 07. 11
그대라는 시
OST
2019. 07. 21
숨겨진 세상 (Into the Unknown)
OST
2019. 11. 15
내일은 고백할게
OST
2020. 09. 15
놓아줘
듀엣
2020. 10. 20
운명보다 한걸음 빠르게
OST
2020. 10. 30
My Love (Duet Ver.)
듀엣
2020. 11. 05
If I could tell you
피처링
2021. 05. 18
Hate that…
피처링
2021. 08. 30
나의 작은 정원
OST
2021. 11. 28
빛 (Hope from KWANGYA)
SMTOWN
2021. 12. 27
INVU Remixes
iScreM
2022. 04. 28
내 곁에
OST
2022. 05. 08
너와 나 사이
OST
2022. 09. 22
The Cure
SMTOWN
2022. 12. 26
Priority
SMTOWN
2022. 12. 26
혼자서 걸어요
Ballad Pop City
2023. 02. 02
꿈
OST
2023. 12. 17
To. X Remixes
iScreaM
2024. 03. 08
Time Machine
피처링
2024. 04. 22
I'm Not The Only One
피처링
2024. 08. 29
INVU (Yetsuby Remix)
K-POP ScreaM 1
2024. 12. 11
[ 관련 문서 ]
활동
음반
공연
직캠
YouTube
탱구TV
놀라운 토요일
기타
갤러리
여담
사건 사고
1
. 개요
2
. 사건 사고
2.1
. 간호사 직업 윤리 발언
2.2
. 흑인 비하 발언
2.3
. 비웃음 해프닝
2.4
. 아이돌 고시 발언 논란
2.5
. 납치 미수 사건
2.6
.
EXO 백현과의 열애설
2.7
. 서울가요대상 무대 낙하 사고
2.8
. 인기가요 태도 논란
2.9
. 악플러 고소 선언
2.10
. 백현과 결별설
2.11
.
Why
쇼챔피언
순위 조작 논란
2.12
.
태연 자카르타 공항 성추행 사건
2.13
.
태연 3중 추돌사고
2.14
.
라비
와의 열애설 및 사생활 침해 피해
2.15
.
기획부동산
사기 피해 및 투기 논란
1.
개요
[편집]
소녀시대
소속 가수
태연
과 관련된 사건 사고들을 정리한 문서.
2.
사건 사고
[편집]
이 문단은
아래 토론들로 합의된 편집방침이 적용됩니다.
합의된 부분을 토론 없이 수정할 시
편집권 남용
으로 간주되어 제재될 수 있습니다.
[ 내용 펼치기 · 접기 ]
토론
- 태연의 기획 부동산 관련 논란 서술은 제도권 언론의 기사를 근거로 하여야 한다.
토론
- 태연의 기획 부동산 관련 논란의 커뮤니티 반응에 대한 언론 보도는 서술하지 않는다.
토론
- 태연의 기획 부동산 관련 논란의 조세영 변호사의 발언이 담긴 기사를 커뮤니티 반응에 대한 반박으로 서술하지 않는다.
2.1.
간호사 직업 윤리 발언
[편집]
대표적인
흑역사
중 하나로 간호사 사건이 있다.
기사1
기사2
2008년 11월 친한친구 방송 도중 태연이 감기 몸살로 고생해 혼자 병원에 가게 됐는데 하필 점심 시간이어서 간호사가 끝까지 주사를 안 놔줬다는 내용이었다.
강인
도 맞장구를 치면서 병원 이름을 대라고 부추겼고 그에 대해 볼멘소리를 했는데, 사실 현행법 상 간호사는 긴급 사태를 제외하곤 의사의 처방 없이 단독적으로 치료 행위를 시행할 수 없다. 점심 시간이라 의사가 자리에 없어서 간호사는 당연히 치료를 거부한 것이다. 청취자들이 이를 알려주어 라디오 방송 중간 강인과 함께 사과를 했는데, 사과로 보기 어려운 태도
[1]
에 많은 비판을 받았다. 논란이 커지자 결국 소속사인
SM엔터테인먼트
를 통해 공식 사과를 했다. 당시 SM이 내보낸 공식 사과 보도 자료는 다음과 같다. ""태연과 강인이 잘못을 뉘우치고 후회하고 있다. 소속사를 통해 죄송하다는 심경을 전했다.""며 ""두 사람이 간호사를 비하할 의도는 없었다. 신중하지 못했던 발언이었다."" 사회적으로 부적절한 발언이었다는 평.
2.2.
흑인 비하 발언
[편집]
이 논란은 단독으로 다뤄진 기사가 하나도 없는데, 왜냐면 흑인 발언을 했을 당시에는 아무 논란이 없었다가, 2009년 1월 중순에 위의 간호사 발언이 논란이 될 때 한 네티즌이 과거의 이 발언을 발굴해내서 함께 까인 소재이기 때문이다.
출처 기사
@
위의 간호사 발언이 까일 때 한 네티즌이 당시엔 그냥 넘어갔던 친한친구 라디오에서 흑인
[2]
여가수
앨리샤 키스
에 대해 ""흑인
치고
참 예쁘죠""라고 한 말 실수를 공론화시켜서 동시에 까였다. 별도로 논란이 된 발언은 아니었지만 어느새 태연의 흑역사 중 가장 두고두고 까이는 흑역사가 되었다.
2.3.
비웃음 해프닝
[편집]
임용고시
에 떨어진 사연을 읽는 도중 웃음을 터트렸는데, 담당
PD
의 말에 따르면, 청취자를 비웃는 것이 아닌 내부 사정에 의해 사건이 발생했다고 한다. 이유인 즉, 태연은 사연을 소개하던 중 ‘커피 교환권’을 ‘코피 교환권’으로 잘못 적힌 대본을 보고 웃음을 터뜨렸던 것. 하지만 이를 알지 못한 청취자들은 프로그램 게시판을 찾아 태연의 진행 태도에 불만을 품고 항의성 글을 게재하며 문제가 확산됐다.
기사
2.4.
아이돌 고시 발언 논란
[편집]
2010년, 태연이 '승승장구'에서 사법고시보다 힘든게 아이돌 고시라고 말한 게 논란이 되었다.
기사
사실 아이돌 고시는 태연이 만든 말이 아니고 당시 언론에서 퍼지던 신조어였다.
#
태연이 말하기에 앞서 '인사이드 라이프'라는 프로그램에서 사법고시보다 어려운 아이돌 고시란 내용이 먼저 나왔다.
#
태연은 '승승장구'에서 아이돌 고시 주제가 나오자 ""사시패스보다 어렵다는..."" 딱 이 말만 했을 뿐 기사에 적힌 것처럼 직접적으로 얘기한게 아니라 곁다리 식으로 덧붙인거다.
#
임슬옹
도 사법고시보다 더 어렵다는 아이돌 고시라는 말을 한 적 있다.
기사
'사법고시보다 어려운 아이돌 고시'는 태연이 만든 말이 아니고 다른 곳에서 인용한 말인데 인터넷상에서는 태연이 만든 말인 것처럼 왜곡해서 억울하게 까인 사례 중 하나이다.
2.5.
납치 미수 사건
[편집]
2011년 4월 17일,
롯데월드
아이스링크 특설 무대에서 열린 '엔젤프라이스 뮤직 페스티벌' 출연 중 갑자기 난입한 남성 팬에 의해
납치
될 뻔한 사건이 있었다.
당시 영상
손목을 잡고 끌고 가려고 한 것이다. 태연은 처음에 이 남성이 진행 요원인 줄 알았다고 한다. 그러나 행사 진행을 보던 개그맨
오정태
와 매니저, 상황 파악을 하고 달려든
써니
의 제지로 무사히 빠져 나올 수 있었다. 이후
오정태
가 잠시 사고가 있었다며 분노한 관객들을 진정시켰다. 이 팬은 당사자인 태연의 선처로 경찰서에 넘겨지진 않고 귀가 조치 되었다.
[3]
이 사건으로 오정태가 태연을 구한 개그맨으로 유명해졌다. 바다 건너 일본에서도 스포츠 신문이나 연예 정보 프로에서 대서 특필 되는 등 화제가 됐다.
#
2.6.
EXO 백현과의 열애설
[편집]
자세한 내용은
태연-백현 열애설
문서를 참고하십시오.
2.7.
서울가요대상 무대 낙하 사고
[편집]
2015년 1월 22일
서울가요대상
에서 <Holler> 무대를 가진 뒤 퇴장하는 도중 1m 정도의
[4]
무대 리프트 아래로 추락하는 사고를 당했다.
당시 영상
.
다행히 큰 부상은 입지 않았다는 듯.
다음 날인 23일,
서울가요대상
측에서 이에 대한
사과문
을 홈페이지에 팝업으로 게시했다. '태연이 발을 헛디뎌'라든가 '티파니와 서현, 백댄서가 태연을 무대로 다시 끌어올려'와 같은 불리한 내용이 있었던
원문
을 수정해서 다시 올린 것으로 보인다. 그러나 아직도 거슬리는 호칭은 그대로.
[5]
2.8.
인기가요 태도 논란
[편집]
2015년 7월 20일
인기가요
에서 태도가 불성실하다는 이유로 논란이 떴다.
#
몇몇 네티즌들의 의견에 따르면 7월 19일의 인기가요 무대의 태연이 마지막 안무에서
카메라를 외면하는 모습
,
고개를 제대로 돌리지 않고 머리 넘기는 모습
[6]
이 포착되었다는 것. 그리고 평소보다 라이브가 불안한 점도 있었다. 또한 방긋방긋 웃는 타 멤버들과 비교했을 때 잘 웃지 않았다는 점이 그 이유다.
다만 계속 태연만 보고 있는 사람이 아니라면 타 멤버와 표정이 다른 점을 느낄 수 없다며 단독 컷 때의 캡쳐나 움짤을 보면 잘 웃고있다는 점을 들어 논란거리가 못 된다고 하는 의견과, 한 번 태연의 굳은 표정이 보이면 계속해서 신경 쓰인다는 의견이 대립했다. 또, 과거 소녀시대 멤버였던 제시카의 사례를 들며, 태연의 태도가 성의 없어 보이고 안무 중 고개를 돌리지 않는 것이 제시카의 헤드뱅잉 사건과 뭐가 다르냐는 의견이 일기도 했다.
배경에는 당일 무대 음향이 안 좋아 다른 무대보다 라이브가 여과 없이 생생하게 들렸기에 이에 대한 표출일 것이란 추측이 돌았다. 또 다른 추측으로는 태연이 컨디션 난항으로 무대에서 최선을 다하지 못했다는 것이 있었다. 이러한 추측은 태연이 인스타그램에서 직접
오늘 건강하다
는 댓글을 단 것이 포착돼 합리적이지 못하다는 평가를 받곤 했는데, 한편으로는 팬들이 걱정할까봐 사실대로 말하지 않았을 수도 있어 해당 댓글만을 두고 단면적으로 판단해선 안 된다는 의견이 맞섰다.
당일 무대 영상
을 직접 보고 판단하자.
이 사건은 악플 때문에 벌어진 것이 거의 확실시되는 상황이다. 이유는 밑의 악플 고소 선언 참고.
2.9.
악플러 고소 선언
[편집]
2015년 7월 20일, 데뷔 이래로 지속적이고 수위 높은 악플에 시달려온 태연이 드디어
소속사와 형사 고소 진행 중임을 밝혔다.
[7]
자신을 향한 수많은 악플에 대한 법적 대응
을 한다고 한다.
사실 태연을 비롯한 소녀시대 멤버들은 데뷔 할 때부터 악플에 시달렸다.
[8]
원래 연예인이란 직업 특성 상 악플에 시달리는 것이 일상이지만, 태연의 경우 그 강도나 지속성, 규모가 매우 심각한 수준이라 할 수 있다.
[9]
고소를 선언한 글이 써진 인스타그램의 댓글을 보면, 태연이 대응을 잘하고 있다며 선처하지 말라는 응원의 말이 많았지만,
인기가요
에서의 태도 논란이 생긴 지 단 하루만인 시점이라 본인의 잘못을 감추기 위한 수단이 아니냐며 시기가 부적절하다는 의견도 있었다. 이에 대해 피해자가 시기를 봐 가면서 고소해야하느냐는 의견이 대립각을 이루고 있는 상황이다.
일부 악성 네티즌들은 욕 먹기 싫으면
SNS
를 끊으라고까지 말하는 등, 피해자와 가해자 간의 적반하장 식 주객전도를 보여주기도 했다. 그러나, 태연의 초강경한 태도에
정작 악플러들은 고소미를 쳐먹을까봐 꼬리를 내리면서 빌고 있는 상황
이 연출돼
그 와중에 동생탓
많은 네티즌들에게 웃음을 선사하였다. 심지어,
""내가 한게 아니라 우리 집에서 키우는 애완견이나 고양이
가
PC를 건드려서 악플을 달았다""
라고 남 탓을 하며 용서를 비는
악플러까지 나왔을 정도였고
이에 네티즌들은 실소를 금치 못했다.
하지만, 실제로
""
내가 아니고 우리 집에서 키우는 강아지나 고양이가 한 짓이다
""
같은 드립 표현은 악플과 아무런 상관없는 사람들이 진짜로 고소당하면서 인실좆을 먹게 된 악플러들한테 ""꼴좋다, 쌤통이다"" 라면서 역으로 놀리는 표현에 더 가깝다고 할 수 있다. 그럴만도 한 게, 실제로 고소를 당했을 때 저렇게 말도 안 되는 방식으로 변명하면 오히려 가중처벌을 받을 수 있을 확률이 높기 때문이다.
2.10.
백현과 결별설
[편집]
2015년 9월 15일, 백현과 1년 3개월만에 결별했다는 보도가 나왔다. 근데 이것은 가요계 관계자들의 말을 기사화한 것이며 소속사는 확인 중이라는 대답을 했지만 아직까지 공식 입장이 나오고 있지 않고 있다.
YTN 보도 자료
에 따르면 SM측에서 두 사람을 배려하는 차원에서 공식 입장을 내놓지 않기로 했다고 한다.
2.11.
Why
쇼챔피언
순위 조작 논란
[편집]
2016년
7월 첫째주 쇼챔피언 순위의 5일간 아이돌 챔프 투표수 4위(4.4%)였던 태연이 2시간만에 30% 가량 올랐고 1위였던
비스트
를 누르고 1위로 올랐다. 5일 간 총 4.4%였던 태연이 불과 몇시간 만에 30% 가량 오른것에 대해 비스트 팬들 사이에서 조작이 아니냐고 논란이 되는 중이다.
#
. 논란이 커지자 쇼챔피언 측에서 집계가 잘못된 것을 인정했다. 즉 조작이 아닌 쇼챔피언 측의 실수.
2.12.
태연 자카르타 공항 성추행 사건
[편집]
자세한 내용은
태연 자카르타 공항 성추행 사건
문서를 참고하십시오.
2.13.
태연 3중 추돌사고
[편집]
자세한 내용은
태연 3중 추돌사고
문서를 참고하십시오.
2.14.
라비
와의 열애설 및 사생활 침해 피해
[편집]
2020년 12월 27일에 태연과
라비
의 열애설이 보도되었으나 양측에서 그저 친한 선후배 사이라며 부인했다.
#
그 기자가 스토킹과 다를 바 없는 취재 영상을 공개하자 네티즌은 사생활 침해
[10]
에 소름이 끼친다며 그 기자를 강력히 비판했다.
기사
그 기자는 유튜브 댓글 창을 닫고 인스타그램을 비활성화 하는 등, 타인의 사생활을 까발리고 자신은 숨기기 급급한
내로남불
의 모습을 보였다.
로톡뉴스 보도
에 따르면, 이 기자의 행동은 형사상 명예훼손죄가 성립할 가능성이 있고, 민사상 손해배상 청구가 인용될 가능성도 있다고 한다. 다만 과거 판례에 따를 때 민사상 배상 액수는 500만원 정도라고 한다.
2.15.
기획부동산
사기 피해 및 투기 논란
[편집]
2021년 10월 28일
YTN 뉴스
에 방송된 2500억 원대
기획부동산
사기 사건 보도에서 관련 유명 걸그룹에 속한 한류스타 A씨도 피해를 봤다고 보도했다. 그리고
텐아시아
에서 밝힌 바로는 이 A씨가 바로 태연이었다. 특히 경찰이 확인한 피해자만 3000 명에 달하는데,
KBS
공채 출신 유명 개그맨 안수미
[11]
를 동원해 부유층들의 투자를 유도한 것으로 밝혀졌다. 이에 대해 안수미 본인은 “악의적 보도를 당하니 착잡하다. 3000여명에게 2500억원의 사기를 쳤으면 진작에 해외로 도망가서 잘 먹고 잘살지 왜 블로그 하면서 땅 투자 이야기를 하겠나”라며 “유명 개그맨이었던 적 없었는데 자고 일어나니 스타가 돼 기분이 좋다”며 연루설을 부정하였다.
기사
태연 측은 지난 2019년 대형 기획부동산 업체로부터 이 땅을 매입했다. 이 업체는 4억 원에 매입한 뒤 불과 석 달 만에 다시 7억 원을 얹어 태연 측에 11억 원을 받고 팔아넘겼다. 알려진 내용에 따르면 태연 본인이 아니라 태연의 아버지가 태연 명의로 매입한 것이라고 한다. 태연의 아버지는 지인이었던
기획부동산
업체 직원으로부터 이야기를 듣고 딸의 명의로 땅을 산 것으로 알려졌다
기사
.
투기 논란이 불거지자 태연 본인이 인스타그램 스토리를 통해 “제가 미쳤다고 투기를 할까요ㄷㄷ”라고 불쾌감을 드러내며 ""가족간 동의 하에 제 실거주지와 가까운 곳에 부모님 집을 지을 계획이었고, 그 과정에서 부모님이 두 눈으로 보시면서 알아본 곳이다""라고 해명글을 올렸으며, 더 이상의 억측은 자제할 것을 당부하는 글을 올리고 십 수 시간이 지난 후에 삭제했다.
기사
태연 측에서는 온라인 등에서 근거 없는 악의적인 게시글이 잇따르고 있다며 법적대응을 예고했다.
SM엔터테인먼트
는 11월 9일 소녀시대 공식 SNS 계정에 불법 행위 고소를 위한 증거 수집을 진행중이며, 불법 행위에 대해서는 무관용 원칙으로 대응하겠다는 입장을 밝혔다.
기사
[1]
당시 상황 전문은 다음과 같다.
태연: 아까 저도 근데 그 병원 얘기 했었잖아요. 근데 그 얘기를 듣고 많은 의사분들이 또 문자를 보내주셨더라고요.
강인: 흐흐흐하하하 간호사분들 계실 때는 절대로 그게 그러면 안된다고 그러죠.
태연: 의사의 처방이 있어야 그 주사도 놓을 수 있다고 하니까요.
강인: 태연 씨가 아까 말했던 거, 기분 나빴던 거는 나도 밥을 못 먹었는데 간호사 선생님들이 밥 먹고 있길래 그게 부러웠다고 그 얘기 하고 싶었던 거잖아요!
태연: 으하하하하 그것도 있고, 그냥 너무 쫌 그냥 아파서! 그냥 자기 연민이 느껴졌나 봐요. 제가 너무 제 자신이 너무 불쌍해서.
강인: 그러니까 모든 잘못은 너야!
태연: 그래요. 제가
아픈 게 죄예요.
그래요. 죄송합니다, 아파서.
강인: 아니에요~ 제가 죄예요.
태연: 휴~ 그냥 뭐 이래~ 아우 증말.
강인: 뭐 이래 저래. 자, 그럼 이쯤에서 (~ 다른 얘기로 넘어감)
[2]
사실 백인과 흑인의 혼혈이라고 한다.
[3]
당시 용의자는 미성년자에 장애가 있었다고 한다.
[4]
2m가 넘는다고 와전되었는데, 1.8m는 전체 리프트의 높이고 1m 정도만 내려가 있었다고 한다.
[5]
보통 이런 식의 사과문에는 최소한 존칭을 써주는 것이 예의이다. 아이돌에 대한 서가대 측의 자세가 드러나는 부분이다.
[6]
두 움짤 모두 왼쪽에서 두 번째가 태연이다.
[7]
당시 태연이 인스타그램에 남긴 댓글. ""오래 전부터 심한 악플 때문에 저희 가족부터해서 주변 지인들까지도 심하게 상처 받고 팬여러분께도 큰 상처를 주는 일이 많았어요. 저한테 법적으로 대응해달라며 요청해주는 분들도 많았고 팬사이트에서도 적극적으로 도움을 주셨죠. 저도 저이지만 그보다 제 사람들이 스트레스 받는 모습에 정말 가슴이 뜨거울 정도로 많이 아팠고 사실 지금도 그래요. 몇 달 전 소속사와 상의 끝에 악의적인 글들이며 사진 자료 이미 다 수집하고 있었고요, 법적인 방법으로도 진행이 시작됐고 추가적으로도 할 생각입니다. 팬여러분께서도 자료가 있으시다면 수집할 수 있게 보내주세요. 항상 같은 아픔을 느끼게 해서 미안하고 누구보다 먼저 나서서 힘 써주는 여러분에게 고맙고 그래요. 충분히 강하다고 생각했는데 특히 이번 일로 제가 더 강해져야할 것 같네요. 우리 항상 그랬듯이 소원과 저 신나게 파티 즐깁시다!""
[8]
이것이 피해 의식이라고 하기에는 처음부터 무자비하게 당한 것이 많다. 트라우마 쯤으로 바꿔 말하는 게 나을 듯. 일단, 소녀시대는 신인 시절부터 SM의 끼워 팔기로 선배 남돌과 자주 엮였는데, 이 때 한창 해당 남자 아이돌의 팬덤이 커지던 시기였기 때문에 유독 소녀시대에게만 무개념 팬들이 판을 쳤다. 때문에 '오빠의 비즈니스'를 이해하지 못한 일부 무개념 팬들이 각종 궁예질을 해대면서 소녀시대를 매장시켜버릴 기세로 까댔던 것이다. 이는 온라인뿐만 아니라 오프라인에서도 심했는데, 사례로는 해당 남자 아이돌이 직접 사과까지 한 2008년
드림콘서트 침묵 사건
을 생각해 봄이 쉬울 듯하다.
[9]
물론 태연보다 심한 아이돌도 있으나, 소녀시대 연차를 생각해 보면 그 누적량이 상상을 초월한다.
[10]
일단 '법적으로는' 열애 사실 공표와 공공장소에서의 통행인 촬영 등은 사생활 침해로 규정하지 않는다. 한마디로 이런 류의 열애 폭로 스캔들은 법적으로 무서울 게 없으니 까발리는 것.
[11]
이름이 비슷하고 인지도가 더 높은
안소미
와는 같은 방송사 선후배 사이라는 것만 빼면 활동 시기도 그렇고 전혀 다른 인물이다. 비슷한 이름 때문에 피해를 본 격. 오죽하면 안소미 본인도 SNS에 본인은 이 사건과 전혀 관련 없다고 해명글을 썼을 정도다.
이 문서의 내용 중 전체 또는 일부는
소녀시대/논란 및 사건 사고
문서의
r1300
판,
2.1번 문단
에서 가져왔습니다.
이전 역사 보러 가기
VZR2FHC+
더퍼스트클래스파티 송파문정점
cafe.naver.com/thefirstclassparty
프리미엄뷔페
단독홀진행
주차500대
원스톱행사
송파,잠실,문정 돌잔치장소,하우스웨딩,기업행사,송년회,생신연 고품격 파티하우스
라식라섹 서울연세안과의원
www.lasik75.com
알레그레토 EX500, 담당원장이 처음부터 끝까지 책임관리, 2호선구로디지털단지역
아이패드 액정 수리 및 교체
map.naver.com/p/entry/place/1604948429
아이패드 액정 깨짐 어디에 맡기지? 전국 어디서든 택배로 접수 3개월 AS 보증
VZR2FHC+
이 저작물은
CC BY-NC-SA 2.0 KR
에 따라 이용할 수 있습니다. (단, 라이선스가 명시된 일부 문서 및 삽화 제외)
기여하신 문서의 저작권은 각 기여자에게 있으며, 각 기여자는 기여하신 부분의 저작권을 갖습니다.
나무위키는 백과사전이 아니며 검증되지 않았거나, 편향적이거나, 잘못된 서술이 있을 수 있습니다.
나무위키는 위키위키입니다. 여러분이 직접 문서를 고칠 수 있으며, 다른 사람의 의견을 원할 경우 직접 토론을 발제할 수 있습니다.
이승기
견미리
skt
한덕수
서유리
우렉 마지노
이재명
전세계(신병 드라마)
산불
21대 대선
이승기
아마기 미카루
18초 전
신병(드라마)/등장인물
19초 전
미얀마/역사
20초 전
시마즈
22초 전
닥터후/뉴뉴 시즌 2
24초 전
배슬기
24초 전
여름 vs 겨울
25초 전
이세영(배우)
25초 전
최강야구 경영권 분쟁
27초 전
앨런 존스
27초 전
푸틴, 김정은에 파병 감사…러 ""필요시 北에 군사지원""(종합2보)
대구 산불 확산에 '국가소방동원령'…요양시설 거주자 61명 대피(종합2보)
교황 선출 콘클라베 내달 7일 개시…가톨릭 새 수장은 누구(종합)
국민의힘 '2강' 가리는 2차 대선경선 당원투표 51%로 마감
이주호, 고교 흉기 난동에 ""매우 송구…대응방안 논의 착수""
더 보기
namu.wiki
Contáctenos
Términos de uso
Operado por umanle S.R.L.
Hecho con ❤️ en Asunción, República del Paraguay
Su zona horaria es
Asia/Seoul
Impulsado por the seed engine
This site is protected by reCAPTCHA and the Google
Privacy Policy
and
Terms of Service
apply. This site is protected by hCaptcha and its
Privacy Policy
and
Terms of Service
apply."
SM,소녀시대,효연,"효연/논란 및 사건 사고 - 나무위키
최근 변경
최근 토론
특수 기능
효연/논란 및 사건 사고
최근 수정 시각:
2025-04-09 05:09:36
편집 요청
편집 요청
이용중인 IP는 문서 훼손행위가 자주 발생하는 IP이므로 로그인이 필요합니다.
(이 메세지는 같은 인터넷 공급업체를 사용하는 다른 누군가로 인해 발생했을 가능성이 높습니다.) (#98793)
만료일: 무기한
사유: 동국대학교 공용 IP
편집 권한이 부족한 경우 아래의 '편집 요청' 버튼으로 편집 요청을 생성할 수 있습니다.
[편집 요청 도움말]
편집 요청
닫기
토론
역사
분류
효연
소녀시대/사건 사고
대한민국의 인물별 논란
상위 문서:
효연
주의. 사건·사고 관련 내용을 설명합니다.
사건 사고 관련 서술 규정
을 유의하시기 바랍니다.
[ 음반 목록 ]
Mystery
디지털 싱글
2016. 12. 02.
Wannabe
디지털 싱글
2017. 06. 01.
Sober
디지털 싱글
2018. 04. 18.
Punk Right Now
디지털 싱글
2018. 11. 13.
Punk Right Now (Remix)
디지털 싱글
2019. 02. 23.
Badster
디지털 싱글
2019. 07. 20.
DESSERT
디지털 싱글
2020. 07. 22.
Second
디지털 싱글
2021. 08. 09.
DEEP
미니 1집
2022. 05. 16.
Picture
디지털 싱글
2023. 08. 22.
R
e
t
r
o
R
o
m
a
n
c
e
디지털 싱글
2024. 09. 26.
[ 참여 음반 ]
MAXSTEP
디지털 싱글
2012. 10. 31.
Up & Down
피처링
2016. 06. 28.
Born To Be Wild
SM STATION
2016. 08. 26.
Time
피처링
2018. 08. 29.
털어 (TURL)
GOOD GIRL Episode 1
2020. 06. 05.
WITCH (마녀사냥)
GOOD GIRL Episode 3
2020. 06. 19.
GG
GOOD GIRL Episode 4
2020. 06. 26.
I Do What I Want
GOOD GIRL FINAL
2020. 07. 03.
Think About Me
SM STATION
2020. 10. 30.
G! REMIX
피처링
2021. 11. 04.
빛 (Hope from KWANGYA
SMTOWN 겨울 앨범
2021. 12. 27.
DEEP Remixes
iScreaM
2022. 09. 23.
Jet
SMTOWN 겨울 앨범
2022. 12. 26.
Good To Be Alive
SMTOWN 겨울 앨범
2022. 12. 26.
[ 관련 문서 ]
음반
직캠
사건 사고
영스트리트
1
. 개요
2
. 투신 장난으로 인한 경찰 연루
3
. 버닝썬 관련 의혹
4
. 무허가 촬영사건
1.
개요
[편집]
소녀시대
소속 가수
효연
과 관련된 사건 사고들을 정리한 문서.
2.
투신 장난으로 인한 경찰 연루
[편집]
2014년 4월 1일 보도된 내용에 의하면, 효연이 지인들과 함께 한 자리에서 투신할 것처럼 장난을 쳤고
[1]
이를 제지하려는 A를 뿌리치려다 의도치 않게 A에게 상처를 입혀 A가 화가 나서
지구대
에 신고하는 상황이 발생했고, 효연은 경찰로부터 심한 장난을 치지 말라는 주의를 받았다. 그냥 곱게 마무리된 사건이지만 인터넷에는 루머가 돌았고 SM은 루머 유포자를 법적으로 대응하기로 했다. 그러다가 효연을 신고한 A씨가 효연의 2년 동안 사귀었던 옛 애인이며 작가 겸 브랜드 마케팅 회사 CEO인 김준형이라는 보도가 났다. 장난치다가 신고까지 했겠냐는 의견을 포함해 온갖 의혹들이 사그라들지 않자, 당사자인 김준형의
해명 기사
가 나왔다. 효연과는 그 전부터 헤어져서 그냥 오빠, 동생 사이로 지내고 있었고, 폭행 신고가 아니라 효연의 장난이 위험해서 경찰의 도움을 받은 것뿐이라고 밝혔다.
[2]
3.
버닝썬 관련 의혹
[편집]
버닝썬 관련 논란이 있다.
김상교
는 버닝썬에서의 마약 여배우를 효연이 봤다며 SNS로 증언을 요구했다.
[3]
시간적으로 김상교 관련 사건이 터진 날은 24일 새벽이고, 효연이 디제잉을 하고 퇴장한 날은 전날인 23일 밤이지만
[4]
여배우가 마약을 언제 했는지는 알려져 있지 않다.
[5]
효연의 소속사
SM엔터테인먼트
는 효연과 전혀 관련이 없으니 억측하지 말라는 성명문을 냈다. 위의 내용에 대해서는 SM에서도 당연히 인지하고 있을 것이며 성명문에서 관련이 없다는 것은 버닝썬과 아예 무관하다는 게 아니라 김상교의 마약 여배우를 효연이 봤을 거라는 주장이 틀렸기 때문에 관련이 없다는 표현을 썼다고 봄이 상당하다. 단순히 디제이라고 공연할 수 없는 버닝썬에서 효연이 디제잉을 했고
[6]
마약 여배우를 증언하라고 한 것은 퇴근 시간과 관련이 없기 때문에 연관이 없다고 할 수는 없다는 의견도 있지만, 효연 본인은 자기가 올린 글에서 자기 일을 마치고 간 것뿐이고
거기서 본 것이 없다고 직접 말했으므로
효연에게 증언을 요구하는 김상교는 효연이 모든 걸 봤다는 사실을 자신이 증명해야 한다.
[ 효연의 인스타그램 글 펼치기 · 접기 ]
자자~ 여러분 다들 진정하시고~~!
가만히 있으니까 가마니로 보이나 본데 난 열심히 내 일했어요 여러 사람들이랑 인사도 하고 공연 축하해주러 온 친구, 스탭들과 술 한잔하고 기분 좋게 삼겹살로 해장까지 하고~~집 들어왔습니다! 클럽안에 서로 꼬실라고 침 질질흘리는 남자들과 여자들은 본적 있는거 같아요 근데 침 질질흘리는 여배우 남배우 고양이 강아지는 본적도 들은적도 없어요~ 그리고 방구석여포들 오늘까지만 참을거에요~ 이번엔 아주 심하게 혼낼겁니당. 아 또! 이 글은 내일 지울겁니다 쫄아서 지운거 아니에요~
말 안하면 호구 되잖아요🦟 그럼! 다들 새해 복 많이 받으시고 불로장생 만수무강 하세요 ~~
4.
무허가 촬영사건
[편집]
자세한 내용은
픽미트립 인 발리/무허가 촬영 논란
문서를 참고하십시오.
[1]
효연의 장난이 과거에는 얼마나 심했는지를 알 수 있는 대목. 소녀시대 활동을 시작하고 나선 많이 줄었고 현재는 평범한 장난이거나 그 이하인 편.
[2]
즉 효연이 폭행하였다 신고한게 아니라 투신을 막으려 경찰의 도움을 받은 것. 하지만 보도에는 투신 제지를 위해 출동한 것이 아닌 폭행사건이라 난 것을 해명한 것.
[3]
이 SNS 글은 기본적으로 문체부터 효연에 대한 예의가 하나도 없으며 자기는 안다는 여배우의 이름을 효연에게 말하라고 강요하면서 그 여배우는 이니셜로 표시하고 효연은 직접 거명하는 등 무례하다고 느낄 여지가 있는 글이다.
[4]
거의 5~6시간 차이.
[5]
김상교의 주장에 따르면 효연이 있을 때 했겠지만 본인 주장이다.
[6]
효연의 본업은 디제이가 아닌 가수긴 하지만 2015년부터 DJ HYO라는 이름으로 디제이 활동을 해왔고, 효연 정도의 인지도를 가진 연예인이라면 대형 클럽에 초청되는 것도 이상한 일은 아니다.
이 문서의 내용 중 전체 또는 일부는
소녀시대/논란 및 사건 사고
문서의
r1300
판,
2.4번 문단
에서 가져왔습니다.
이전 역사 보러 가기
VZR2FHC+
둥지부동산 화곡동전월세 매매
doongji79.serve.co.kr
화곡역부동산중 제일 신뢰받는부동산 둥지부동산입니다. 보증보험 대출가능 매물만 취급
서울 목동더채움 대표홈페이지
mdthechaeum.taeboksolution.com
대표번호) 염창역(9호선) 도보 3분 역세권으로 서울 주요 지역 이동이 편리한 집
천호역 강동리버스 시티 안내
goldorange.modoo.at
3천만원으로 내집마련/주택수미포함/2억대 분양가/빠른 입주/편리한 주차/입주지원
VZR2FHC+
이 저작물은
CC BY-NC-SA 2.0 KR
에 따라 이용할 수 있습니다. (단, 라이선스가 명시된 일부 문서 및 삽화 제외)
기여하신 문서의 저작권은 각 기여자에게 있으며, 각 기여자는 기여하신 부분의 저작권을 갖습니다.
나무위키는 백과사전이 아니며 검증되지 않았거나, 편향적이거나, 잘못된 서술이 있을 수 있습니다.
나무위키는 위키위키입니다. 여러분이 직접 문서를 고칠 수 있으며, 다른 사람의 의견을 원할 경우 직접 토론을 발제할 수 있습니다.
이승기
견미리
skt
한덕수
서유리
우렉 마지노
이재명
전세계(신병 드라마)
산불
lck
이승기
아마기 미카루
24초 전
신병(드라마)/등장인물
25초 전
미얀마/역사
26초 전
시마즈
28초 전
닥터후/뉴뉴 시즌 2
30초 전
배슬기
30초 전
여름 vs 겨울
31초 전
이세영(배우)
31초 전
최강야구 경영권 분쟁
33초 전
앨런 존스
33초 전
푸틴, 김정은에 파병 감사…러 ""필요시 北에 군사지원""(종합2보)
대구 산불 확산에 '국가소방동원령'…요양시설 거주자 61명 대피(종합2보)
교황 선출 콘클라베 내달 7일 개시…가톨릭 새 수장은 누구(종합)
국민의힘 '2강' 가리는 2차 대선경선 당원투표 51%로 마감
이주호, 고교 흉기 난동에 ""매우 송구…대응방안 논의 착수""
더 보기
namu.wiki
Contáctenos
Términos de uso
Operado por umanle S.R.L.
Hecho con ❤️ en Asunción, República del Paraguay
Su zona horaria es
Asia/Seoul
Impulsado por the seed engine
This site is protected by reCAPTCHA and the Google
Privacy Policy
and
Terms of Service
apply. This site is protected by hCaptcha and its
Privacy Policy
and
Terms of Service
apply."
SM,소녀시대,유리,"유리(소녀시대)/논란 및 사건 사고 - 나무위키
최근 변경
최근 토론
특수 기능
유리(소녀시대)/논란 및 사건 사고
최근 수정 시각:
2025-04-09 04:35:13
1
편집 요청
편집 요청
이용중인 IP는 문서 훼손행위가 자주 발생하는 IP이므로 로그인이 필요합니다.
(이 메세지는 같은 인터넷 공급업체를 사용하는 다른 누군가로 인해 발생했을 가능성이 높습니다.) (#98793)
만료일: 무기한
사유: 동국대학교 공용 IP
편집 권한이 부족한 경우 아래의 '편집 요청' 버튼으로 편집 요청을 생성할 수 있습니다.
[편집 요청 도움말]
편집 요청
닫기
토론
역사
분류
유리(소녀시대)
소녀시대/사건 사고
대한민국의 인물별 논란
상위 문서:
유리(소녀시대)
주의. 사건·사고 관련 내용을 설명합니다.
사건 사고 관련 서술 규정
을 유의하시기 바랍니다.
[ 음반 목록 ]
The First Scene
미니 1집
2018. 10. 04.
[ 출연 작품 ]
영화
노브레싱
윤정은
2013
이별유예, 일주일
박가람
2020
돌핀
나영
2024
드라마
못
말
리
는
결
혼
권유리
2007
패션왕
최안나
2012
동네의 영웅
배정연
2016
고호의 별이 빛나는 밤에
고호
2016
피고인
서은혜
2017
대장금이 보고 있다
복승아
2018~2019
마음의 소리 리부트: 얼간이들
최애봉
2019
이별유예, 일주일
박가람
2021
보쌈-운명을 훔치다
화인옹주/수경
2021
굿잡
돈세라
2022
가석방 심사관 이한신
안서윤
2024
[ 관련 문서 ]
음반
직캠
사건 사고
1
. 개요
2
. 야구선수 오승환과의 열애 및 결별
3
. 친오빠의 버닝썬 게이트 관련 구속 사건
4
. 방과후 설렘 출연 당시 부적절한 심사 논란 및 제작진의 악마의 편집 피해
5
. 방파제 테트라포드 사진 업로드 논란
1.
개요
[편집]
소녀시대
소속 가수 겸 배우
유리
와 관련된 사건 사고들을 정리한 문서.
2.
야구선수 오승환과의 열애 및 결별
[편집]
2015년 4월 20일
한 매체
에서 “소녀시대 유리와 오승환은 지난해 11월부터 12월까지 집중적으로 만남을 가졌다”고 유리와 오승환의 열애설을 보도했다. 소속사
SM엔터테인먼트
는 당일 보도자료를 통해 “두 사람이 지난해 말 지인들의 모임에서 만나 서로 호감을 가지고 알아가고 있다”고 열애설을 공식 인정했다. 오승환의 에이전트인 스포츠인텔리전스 역시 유리와 오승환의 열애를 인정했다.
관련기사
당시 오승환의 소속팀이 일본에 있는 한신 타이거즈였기에 장거리 연애를 했던 셈이다.
2015년 10월 15일에 오승환이 해외 원정도박사실이 밝혀지면서 소속사에서 결별했다고 발표했다.
#
3.
친오빠의 버닝썬 게이트 관련 구속 사건
[편집]
2019년 11월 14일, 유리의 친오빠 권연오씨가 클럽 버닝썬과 연관되어 징역 10년이 구형됐다.
#
이후 2심에서 징역 4년 판결, 상고했지만 기각되어 징역 4년이 확정되어 교도소에서 복역을 하였다.
#
권연오는 TV방송에도 얼굴을 비췄는데 동생이 소녀시대 유리라서 가능한 일이다. 권연오의 범죄내용은 아주 악랄했는데 2심에서 너무 많이 감형되어 일반인들의 공분을 샀다.
4.
방과후 설렘 출연 당시 부적절한 심사 논란 및 제작진의 악마의 편집 피해
[편집]
2021년 11월 28일부터
방과후 설렘
이라는 아이돌 오디션 프로그램에 심사위원으로 참여했다. 이때 중간평가 과정에서 팬몰이가 필요하다는 이유로 이승은을 탈락시키고 이지원을 합격시켰다. 그러나 이승은은 중간평가에서 실수없이 월등한 모습을 보여준 것에 반해, 이지원은 파트도 까먹고 보컬 실력이 많이 부족한 학생이었다. 이지원이 무대에서 표정이 좋고 무대를 잘 하긴 하지만, 이승은이 이지원보다 외모가 밀리는 편도 아니거니와 노래나 춤과 같은 기본적인 실력은 훨씬 압도적이었기 때문에 참가자들 모두가 말도 안된다며 당황했다.
이 방송 직후 커뮤니티나 SNS에서도
유리의 부적절한 심사에 대해 논란이 일어났다.
그러나 방송에서 유리가 했던 말들이
악마의 편집
인 것이 알려지면서 유리에 대한 여론은 뒤바뀌었고, 악마의 편집을 한 제작진들을 향해 비판이 이어졌다.
5.
방파제 테트라포드 사진 업로드 논란
[편집]
제주도에 놀러갔다가 출입금지구역으로 지정되어있는 테트라포드
에 올라가 찍은 사진을 여러장 게재했다가 삭제한 사건이 있었다. 원래 ,테드라포드에 무단 출입시 항만법 제113조 제2항에 따라
100만원 이하의 과태료를 부과하는데,
낚시꾼들이 테트라포드에 올라갔다가 아래로 추락사하는일이 빈번하기 때문인 것으로 알려졌다. 그럼에도 불구하고 테트라포드
에 올라가 누워있거나 앉아있거나 하는 다수의 사진
을 게시하여 네티즌들의 뭇매를 맞았다. 인기 연예인의 이런 무개념 사진들이 테트라포드의 위험성을 오랜기간 목이 터지도록 알리는 안전관리부처들 입장에서 보면 미쳐버릴 노릇이다. 추락하면 바로 죽기도 하고 죽지않으면 구조요청을할텐데 그런 구조작업조차 구조대에게 매우 위험하다. 가지 말라는 곳은 가지말자.
[1]
[1]
테트라포드는 파도를 막기 위해 설치된 대형 구조물로, 일반인의 출입이 금지되어 있다.
이 문서의 내용 중 전체 또는 일부는
소녀시대/논란 및 사건 사고
문서의
r1300
판,
2.5번 문단
에서 가져왔습니다.
이전 역사 보러 가기
VZR2FHC+
입시전문 잼실용음악학원
www.jam.or.kr
입시프로그램
인재채용
합격자영상
상담문의
실용음악과 누적합격생 4400여명! 대한민국 실용음악 입시준비의 기준!
MI실용음악학원
mimusic.itpage.kr
강변역 위치,입시전문,취미반,오디션반,1대1 개인레슨
서울대표 SNS실용음악학원
blog.naver.com/snsmusic2302
예고입시&예대입시&오디션&취미 보컬/기타/베이스/드럼/피아노/작곡/미디
VZR2FHC+
이 저작물은
CC BY-NC-SA 2.0 KR
에 따라 이용할 수 있습니다. (단, 라이선스가 명시된 일부 문서 및 삽화 제외)
기여하신 문서의 저작권은 각 기여자에게 있으며, 각 기여자는 기여하신 부분의 저작권을 갖습니다.
나무위키는 백과사전이 아니며 검증되지 않았거나, 편향적이거나, 잘못된 서술이 있을 수 있습니다.
나무위키는 위키위키입니다. 여러분이 직접 문서를 고칠 수 있으며, 다른 사람의 의견을 원할 경우 직접 토론을 발제할 수 있습니다.
이승기
견미리
skt
한덕수
서유리
우렉 마지노
이재명
전세계(신병 드라마)
산불
lck
이승기
아마기 미카루
29초 전
신병(드라마)/등장인물
30초 전
미얀마/역사
31초 전
시마즈
33초 전
닥터후/뉴뉴 시즌 2
35초 전
배슬기
35초 전
여름 vs 겨울
36초 전
이세영(배우)
36초 전
최강야구 경영권 분쟁
38초 전
앨런 존스
38초 전
푸틴, 김정은에 파병 감사…러 ""필요시 北에 군사지원""(종합2보)
대구 산불 확산에 '국가소방동원령'…요양시설 거주자 61명 대피(종합2보)
교황 선출 콘클라베 내달 7일 개시…가톨릭 새 수장은 누구(종합)
국민의힘 '2강' 가리는 2차 대선경선 당원투표 51%로 마감
이주호, 고교 흉기 난동에 ""매우 송구…대응방안 논의 착수""
더 보기
namu.wiki
Contáctenos
Términos de uso
Operado por umanle S.R.L.
Hecho con ❤️ en Asunción, República del Paraguay
Su zona horaria es
Asia/Seoul
Impulsado por the seed engine
This site is protected by reCAPTCHA and the Google
Privacy Policy
and
Terms of Service
apply. This site is protected by hCaptcha and its
Privacy Policy
and
Terms of Service
apply."
SM,소녀시대,윤아,"윤아/논란 및 사건 사고 - 나무위키
최근 변경
최근 토론
특수 기능
윤아/논란 및 사건 사고
최근 수정 시각:
2025-04-22 17:40:05
1
편집 요청
편집 요청
이용중인 IP는 문서 훼손행위가 자주 발생하는 IP이므로 로그인이 필요합니다.
(이 메세지는 같은 인터넷 공급업체를 사용하는 다른 누군가로 인해 발생했을 가능성이 높습니다.) (#98793)
만료일: 무기한
사유: 동국대학교 공용 IP
편집 권한이 부족한 경우 아래의 '편집 요청' 버튼으로 편집 요청을 생성할 수 있습니다.
[편집 요청 도움말]
편집 요청
닫기
토론
역사
분류
윤아
소녀시대/사건 사고
대한민국의 인물별 논란
상위 문서:
윤아
주의. 사건·사고 관련 내용을 설명합니다.
사건 사고 관련 서술 규정
을 유의하시기 바랍니다.
윤아
YOONA
[ 음반 목록 ]
한국 음반
너에게
디지털 싱글
2018. 05. 13.
A Walk to Remember
스페셜 앨범
2019. 05. 30.
중국 음반
Blossom
디지털 싱글
2016. 08. 04.
[ 참여 음반 ]
Innisfree Day
이니스프리 에코송
2010. 08. 30.
덕수궁 돌담길의 봄
SM STATION
2016. 03. 11.
Amazing Grace
OST
2016. 10. 15.
바람이 불면
SM STATION
2017. 09. 08.
[ 출연 작품 ]
영화
공조
박민영
2017
엑시트
정의주
2019
기적
송라희
2021
해피 뉴 이어
모수연
2021
공조 2: 인터내셔날
박민영
2022
악마가 이사왔다
정선지
2025
드라마
9회말 2아웃
신주영
2007
너는 내 운명
장새벽
2008~2009
신데렐라 맨
서유진
2009
사랑비
김윤희/정하나
2012
총리와 나
남다정
2013~2014
무신 조자룡
하후경의/마옥유
2016
THE K2
고안나
2016
왕은 사랑한다
은산
2017
허쉬
이지수
2020
빅마우스
고미호
2022
킹더랜드
천사랑
2023
[ 관련 문서 ]
활동
음반
방송
콘텐츠
직캠
기타
캐릭터
비주얼
여담
사건 사고
1
. 개요
2
. 2PM
택연
과의 열애설 해명
3
.
싸이
와의 불륜 루머
4
.
리이펑
과 열애설
5
. 홍콩 클럽 만취 오해
6
. 가수
이승기
와의 열애 및 결별
7
.
코로나19
시국에
이효리
와 노래방 방문
8
. 2PM
준호
와 열애설 해명
9
.
칸영화제
여성경호원 인종차별 사건
10
. 윤아 팬덤
박성훈
배우 교체 사건
1.
개요
[편집]
소녀시대
소속 가수 겸 배우
윤아
와 관련된 사건 사고들을 정리한 문서.
2.
2PM
택연
과의 열애설 해명
[편집]
2009년 2PM
택연
과의 열애설이 났다.
#
#
#
윤아는 ""(소녀시대)멤버들, 가족이랑 맞춘 반지가 있다. 그걸 끼고 다녔다. 택연 오빠는 어머니가 주신 반지를 끼고 다녔다.전혀 다른 반지인데 그때 당시 방송에서 커플 댄스도 추고 예능도 같이 많이 해서인지 커플링이라고 알려졌다. 만나면 서로 억울하다고 얘기를 했다""고 해명했으며 열애는 사실이 아니라고 밝혔다.
3.
싸이
와의 불륜 루머
[편집]
2012년,
강남스타일
이 세계적인 인기를 끌고 있을 때 중국 매체에서
싸이
와 윤아가 불륜 관계라는 보도가 나왔다. SM 측은 대응 가치도 없는 황당한 루머라고 밝혔다. 이후 윤아가
해피투게더
에서 이 이야기를 언급했다. ""사적으로 싸이 선배님을 만난 적도 없다.
홍콩
신문에서 그냥 보도된 것이라 어이 없었다. 너무 죄송하다. 특히 싸이 선배님의 아내분께 죄송하다. 그냥 스캔들도 아니고 불륜이라니""라고 말했다.
#
4.
리이펑
과 열애설
[편집]
2016년, 윤아와 중국 배우
리이펑
이 열애 중이라고 보도되었다.블로거의 글을 근거로 윤아와 리이펑이 열애 중이며 중국에서 함께 머무르고 있다고 전했다.
시나 연예
, 펑황연예 등 현지 유명 포털 및 매체들은 블로그를 인용, 윤아와 이역봉
[1]
이 같은 시기 중국의 같은 도시에 머물렀으며, 이역봉이 비밀리에 한국을 방문하는 등 정황을 들어 두 사람의 사이에 의문을 제기했다.
윤아 소속사 SM엔터테인먼트 측은 ""중국 매체를 통해 보도된 윤아와 리이펑의 열애설은 전혀 사실이 아니다""라고 입장을 발표했다.
#
5.
홍콩 클럽 만취 오해
[편집]
2013년,중국 언론이 “소녀시대 멤버 윤아와 태연이 센트럴 란콰이펑의 클럽 ‘쇼’의 VIP룸에서 두 시간 여
동안 샴페인과 댄스로 스트레스를 해소했
다”고 보도한 내용을 받아 파파라치 영상과 함께 내용을 전했다.
만취해서 쓰레기 더미에 쓰러져 있는 두 여성의 파파라치 사진을 전하며
윤아와 태연이 술에 만취했다고 보도 했다.
SM엔터테인먼트 측은 곧바로 이러한 사실을 부인했으며, 확인결과
제시카
와 타일러권의 사촌 여동생이었다고 발표했으며 태연과 윤아와는 전혀 무관하다며 공식입장을 발표했다.
6.
가수
이승기
와의 열애 및 결별
[편집]
2014년
1월 1일
디스패치
에서 가수 겸 배우
이승기
와 2013년 9월부터
사귀고 있다며 열애설이
터졌다.
[2]
이승기가 2013년 10월 8일 일본 콘서트를 마치고 윤아가 살고 있는 삼성동에 윤아를 데리러 가는 모습이 디스패치에 포착되었다
[3]
SM엔터테인먼트
와
후크엔터테인먼트
는 열애사실을 인정했다.
[4]
2015년 8월 13일, 교제를 시작한지 1년 9개월만에 결별했다는 기사가 떴고 양 측 소속사도 인정했다.
기사
7.
코로나19
시국에
이효리
와 노래방 방문
[편집]
2020년 7월 1일 윤아는 이효리와 함께 노래방을 방문, 인스타그램 라이브 방송을 진행했다. 일각에서는 코로나 19가 종식되지 않은 상황에서 감염 위험이 높은 시설 방문과 마스크 미착용 등을 지적했다.
#
한 누리꾼이 노래방 방문을 지적한 댓글을 보고 놀라 ""노래방 오면 안 돼?""라고 물었다. 이를 들은 윤아는 ""마스크를 잘 끼고 왔다""고 해명했다. 두 사람은 급하게 테이블에 두었던 마스크를 착용했다.
결국,
이효리
와 윤아는 2분이 채 지나지 않아 라이브 방송을 종료했다.
이효리
역시 이날 “생각이 깊지 못했다”며 사과문을 올렸다. 윤아는 자필사과문을 게시했다..
#
안녕하세요 임윤아 입니다. 먼저 저의 경솔했었던 행동으로 걱정을 끼쳐드려 진심으로 반성합니다. 죄송합니다.
모두가 힘들어하고 조심해야 할 시기에 생각과 판단이 부족했습니다. 앞으로 신중하게 행동하도록 각별히 노력하겠습니다.
계속해서 코로나19로 애쓰시는 의료진과 국민들께 주의를 기울이지 못했던 점 깊이 반성하고 있습니다 다시 한번 모든분들께 심려를 끼쳐드려 죄송합니다.
▶
이하 윤아 자필 사과문 전문
사건이 발생한 당시, 노래방은 코로나19 전파 위험성이 높은 고위험 시설로 분류돼 방역당국의 관리를 받고 있었다. 노래방뿐만 아니라 헌팅 포차, 유흥주점, 실내 집단운동시설 등은 QR 코드를 의무적으로 사용해야 하는 시기라 논란이 되었다..
https://www.starinnews.com/news/articleView.html?idxno=309850
8.
2PM
준호
와 열애설 해명
[편집]
2023년 7월 3일 드라마
킹더랜드
방영당시
준호
와 열애설이 터졌다.
#
윤아의 소속사 SM엔터테인먼트 측 관계자는“(두 사람은) 워낙 친한 사이로, 열애설은 사실이 아니다”라고 밝혔다.
#
준호의 소속사 JYP엔터테인먼트 또한 열애설은 사실이 아니라고 밝혔다.
9.
칸영화제
여성경호원 인종차별 사건
[편집]
윤아가
칸영화제
의 한 쥬얼리 브랜드 모델차 참석했다가 레드까펫에서 여성경호원의 제지를 받아
인종차별 논란이
일어났다.
#
여성 경호원은 윤아가 손인사를 건네고 사진을 찍으려하자 팔로 저지하면서
안으로 급히 들여 보낸것이다. 여성경호원 A씨는 알고보니
유색인종
에게만 빨리 들어가라고 손으로 제지하며 그동안 과잉 경호를 해왔던 것으로 알려졌다.경호원은 윤아가 칸 영화제의 상징인 뤼미에르 대극장 계단을 올라가던 중 뒤돌아 포즈를 취하려 하자, 이를 저지했다.
결국 여성 경호원 A씨는 우크라이나 출신 모델 폰티이스카에게 1억 5천만원 규모의 소송을 당했다
.
[5]
10.
윤아 팬덤
박성훈
배우 교체 사건
[편집]
인스타그램에 AV표지를 올려서 문제가 된
박성훈
배우를 교체시키는 일이 벌어졌다 윤아 팬덤은 불순한 생각을 가진 남주를 윤아의 상대남배우로 두고 볼수 없다며 윤아 팬덤은 갤러리에도 성명문을 올리고 제작사와 감독에게 메일과 팩스 전화 총공을 시작했다. 그후 심각성을 깨달은 제작사는
박성훈
과 논의 끝에
박성훈
을 출연시키지 않기로 했다고 발표했다.
#
박성훈 측은 AV 업로드 실수 당시 ""DM(다이렉트 메시지)을 확인하던 중 실수로 업로드했다""며 반성 중이라는 입장을 밝혔지만, SNS에 해당 기능이 없어 오히려 논란을 키웠다. 결국 ""사진을 받고 문제가 있다고 판단해 회사에 전달하는 과정에서 사진을 저장했고 실수로 업로드됐다""고 재해명했다.
#
폭군의 셰프
남주 였던
박성훈
을 교체시킨 윤아 팬덤은 사회적으로 물의를 빚은 남주를 아무렇게나 필터링없이 출연시키는 지금의 행태에 큰 유감을 표했다.
#
[6]
#
이 문서의 내용 중 전체 또는 일부는
소녀시대/논란 및 사건 사고
문서의
r1300
판,
2.7번 문단
에서 가져왔습니다.
이전 역사 보러 가기
VZR2FHC+
퀵&화물 기업전용 배차시스템
ai.1800-9924.com
온라인주문
운송요금조회
주문내역
화물운송안내
기다릴 필요 없이 실시간 위치 파악되는 안심 서비스 간편한 인터넷 화물 접수 !
테라스텔 노원 여성전용고시원
map.naver.com/v5/entry/place/1851210896
노원역1분 여성전용 카페같은테라스 2배넓은방 엘리베이터 캡스 건조기 흡연실 주차
20대 여성분만 읽어주세요
blog.naver.com/staychungchun
저희가 아니더라도 괜찮아요. 방 찾기 전 3가지를 체크해보세요.
VZR2FHC+
[1]
이다해
, 윤아와 열애설이 났던
리이펑
은 2022년 성매매 혐의로 구속되었다.
[2]
1월 1일마다 열애설을 공개하는
디스패치
는
비
-
김태희
,
김준수
-
하니
,
이정재
-
임세령
,
이종석
-
아이유
의 열애설을 보도한적이 있다고 한다.
[3]
이승기는 2009년부터 줄곧 윤아를 이상형으로 꼽는 등 적극적으로 호감이 있다는 것을 알려와서 더 화제가 되었다. 또한 같은 날 방송된
한밤의 TV연예
에서 수영이 ""좋게 봐주셔서 제가 다 뿌듯하다.""며 멤버 최초로 윤아의 열애설을 인정했다.
[4]
데이트 과정이 차에 태워 주변 한 바퀴 돌아보는 정도이며 새벽 1시 이전엔 반드시 집에 바래다줬다 해서 '
신데렐라
데이트'라 이름이 붙여졌다.
[5]
경호원은 윤아 뿐만이 아니라 데스티니스 차일드 출신의
아프리카
계 미국인 켈리 롤랜드,
도미니카 공화국
출신 여배우 마시엘 타베라스에게 유독 안으로 빨리 들어갈 것을 재촉하며 이들이 카메라 앞에서 포즈 취하는 것을 막아서며
인종차별
을 해온것으로 드러났다.
[6]
이채민
배우가 새로운 남주로 교체되었다.
이 저작물은
CC BY-NC-SA 2.0 KR
에 따라 이용할 수 있습니다. (단, 라이선스가 명시된 일부 문서 및 삽화 제외)
기여하신 문서의 저작권은 각 기여자에게 있으며, 각 기여자는 기여하신 부분의 저작권을 갖습니다.
나무위키는 백과사전이 아니며 검증되지 않았거나, 편향적이거나, 잘못된 서술이 있을 수 있습니다.
나무위키는 위키위키입니다. 여러분이 직접 문서를 고칠 수 있으며, 다른 사람의 의견을 원할 경우 직접 토론을 발제할 수 있습니다.
이승기
견미리
skt
한덕수
서유리
우렉 마지노
이재명
전세계(신병 드라마)
산불
lck
이승기
아마기 미카루
34초 전
신병(드라마)/등장인물
35초 전
미얀마/역사
36초 전
시마즈
38초 전
닥터후/뉴뉴 시즌 2
40초 전
배슬기
40초 전
여름 vs 겨울
41초 전
이세영(배우)
41초 전
최강야구 경영권 분쟁
43초 전
앨런 존스
43초 전
푸틴, 김정은에 파병 감사…러 ""필요시 北에 군사지원""(종합2보)
대구 산불 확산에 '국가소방동원령'…요양시설 거주자 61명 대피(종합2보)
교황 선출 콘클라베 내달 7일 개시…가톨릭 새 수장은 누구(종합)
국민의힘 '2강' 가리는 2차 대선경선 당원투표 51%로 마감
이주호, 고교 흉기 난동에 ""매우 송구…대응방안 논의 착수""
더 보기
namu.wiki
Contáctenos
Términos de uso
Operado por umanle S.R.L.
Hecho con ❤️ en Asunción, República del Paraguay
Su zona horaria es
Asia/Seoul
Impulsado por the seed engine
This site is protected by reCAPTCHA and the Google
Privacy Policy
and
Terms of Service
apply. This site is protected by hCaptcha and its
Privacy Policy
and
Terms of Service
apply."
SM,소녀시대,써니,"써니(소녀시대)/논란 및 사건 사고 - 나무위키
최근 변경
최근 토론
특수 기능
써니(소녀시대)/논란 및 사건 사고
최근 수정 시각:
2025-04-09 04:22:41
2
편집 요청
편집 요청
이용중인 IP는 문서 훼손행위가 자주 발생하는 IP이므로 로그인이 필요합니다.
(이 메세지는 같은 인터넷 공급업체를 사용하는 다른 누군가로 인해 발생했을 가능성이 높습니다.) (#98793)
만료일: 무기한
사유: 동국대학교 공용 IP
편집 권한이 부족한 경우 아래의 '편집 요청' 버튼으로 편집 요청을 생성할 수 있습니다.
[편집 요청 도움말]
편집 요청
닫기
토론
역사
분류
소녀시대/사건 사고
대한민국의 인물별 논란
상위 문서:
써니(소녀시대)
주의. 사건·사고 관련 내용을 설명합니다.
사건 사고 관련 서술 규정
을 유의하시기 바랍니다.
SUNNY
[ 관련 문서 ]
직캠
사건 사고
1
. 개요
2
. 인기가요 표정 논란
3
. 삼일절 태극기 업로드로 인한 일본측의 악플 피해
4
. 가수 서인국과의 열애설 해프닝
5
. 배우 이서진과의 루머 유포자 고소 사건
1.
개요
[편집]
소녀시대
소속 가수
써니
와 관련된 사건 사고들을 정리한 문서.
2.
인기가요 표정 논란
[편집]
미니 4집
Mr.Mr.
활동 당시, 인기가요에서 같이 1위 후보에 오른 2NE1이 1위를 했을 때 화면상에 잡힌 써니의 얼굴이 무표정이었어서 일부 네티즌 사이에서 논란이 일었다. 반면 악의적 포착이라는 옹호 여론도 있었다.
기사
대부분의 팬들은 짧은 순간 화면 캡쳐일 뿐이고, 그냥 피곤해서 그랬을 가능성이 높다며 확대 해석을 경계했다.
기사
무엇보다 써니는 소녀시대가 1위를 했을 때에도 내내 저 표정이었다.
원글
기사
여담으로 해당 논란은 2014년에 Mr.Mr 활동할시에 발생한 논란임에도 당사자들도, 팬들도 눈치채지 못했는지
소녀시대가 1위를 했을때도 같은 표정이었다는 게시글이 2024년도에 돼서야 이 문단에 링크되었다.
일부 순간캡쳐로 인한 억까임을 반증하는 셈.
3.
삼일절 태극기 업로드로 인한 일본측의 악플 피해
[편집]
써니가 2015년 삼일절을 맞이해 SNS에 태극기 사진을 업로드하고 ""역사를 잊은 민족에게 미래는 없다""라는 글을 덧붙였다. 써니의 이러한 행동은 한국에서는 호응을 받았지만 소녀시대가 일본팬도 많았기 때문에 일본에서는 ""두번 다시 일본에 오지 마라"" 등의 악플을 받았다.
기사
4.
가수 서인국과의 열애설 해프닝
[편집]
2015년 5월 15일, 써니의 생일에 열애설이 났다. 상대는 가수이자 배우인
서인국
. 서인국이 입원해있을 때 써니가 직접 방문하여 밤새 극진히 병간호를 했다는 것. 하지만 열애설 기사가 나간지 30분도 되지 않아 양측서 부인기사가 나와 오보로 그쳤다. 애초에 사진 하나 없는 '목격자의 말에 따르면~' 같은 흔한 레파토리의 찌라시성
기사
였고, 이후
자신이 진행하는 라디오
에서 열애설을 의식했는지 첫 곡으로
에픽하이
의 Don't Hate Me를 틀고 ""미워하지 마요 나 ㅋㅋ"" 라고 말하며 직접 부인한다.
#2
[1]
5.
배우 이서진과의 루머 유포자 고소 사건
[편집]
배우
이서진
과 써니에 대해 허위사실을 유포한 네티즌이 징역 6월에 집행유예 2년을 선고받았다.이서진과의 루머를 퍼뜨린 26세 A씨를 정보통신망 이용 촉진 및 정보보호 등에 관한 법률 위반(명예훼손) 혐의에 대해 징역 6월에 집행유예 2년, 사회봉사 80시간을 명령했다. A씨는 지난해 10월 대전 서구 자택에서 ‘이서진과 써니가 한 예능프로그램에 함께 출연할 당시 특별한 관계였고 스태프들도 모두 알고 있었다’는 내용의 글을 회원수 100만 명이 넘는 온라인 커뮤니티 게시판에 올렸다.
[1]
사실 여담항목에도 있지만 써니는
엠버
랑도
스캔들
이 난 적이 있다.
이 문서의 내용 중 전체 또는 일부는
소녀시대/논란 및 사건 사고
문서의
r1300
판,
2.2번 문단
에서 가져왔습니다.
이전 역사 보러 가기
VZR2FHC+
보컬 프로듀스
www.vocalpd.com
SLS발성 레슨. 엔터테인먼트 보컬트레이닝.
뚜붕이 HOUSE고병희훈련사
blog.naver.com/dubupet
마음을 이해하면 행동이 변합니다,강아지 행동교정 훈련소서울애견훈련소
노블레스독서울애견훈련소
cafe.naver.com/bongjataxi
배변,짖음,공격성 행동교정훈련,산책훈련,출장방문훈련/견주학습진행/연중무휴 상담가능
VZR2FHC+
이 저작물은
CC BY-NC-SA 2.0 KR
에 따라 이용할 수 있습니다. (단, 라이선스가 명시된 일부 문서 및 삽화 제외)
기여하신 문서의 저작권은 각 기여자에게 있으며, 각 기여자는 기여하신 부분의 저작권을 갖습니다.
나무위키는 백과사전이 아니며 검증되지 않았거나, 편향적이거나, 잘못된 서술이 있을 수 있습니다.
나무위키는 위키위키입니다. 여러분이 직접 문서를 고칠 수 있으며, 다른 사람의 의견을 원할 경우 직접 토론을 발제할 수 있습니다.
이승기
견미리
skt
한덕수
서유리
우렉 마지노
이재명
전세계(신병 드라마)
산불
lck
이승기
블리츠웨이엔터테인먼트
16초 전
경주시장
17초 전
서산영덕고속도로
17초 전
배슬기
23초 전
시누아즈리
23초 전
제9회 전국동시지방선거/광역자치단체장/후보군
24초 전
할로윈(2018)
27초 전
츠유리 카나오
32초 전
쏜즈
35초 전
케이온!
37초 전
푸틴, 김정은에 파병 감사…러 ""필요시 北에 군사지원""(종합2보)
대구 산불 확산에 '국가소방동원령'…요양시설 거주자 61명 대피(종합2보)
교황 선출 콘클라베 내달 7일 개시…가톨릭 새 수장은 누구(종합)
국민의힘 '2강' 가리는 2차 대선경선 당원투표 51%로 마감
이주호, 고교 흉기 난동에 ""매우 송구…대응방안 논의 착수""
더 보기
namu.wiki
Contáctenos
Términos de uso
Operado por umanle S.R.L.
Hecho con ❤️ en Asunción, República del Paraguay
Su zona horaria es
Asia/Seoul
Impulsado por the seed engine
This site is protected by reCAPTCHA and the Google
Privacy Policy
and
Terms of Service
apply. This site is protected by hCaptcha and its
Privacy Policy
and
Terms of Service
apply."
SM,소녀시대,티파니,"티파니 영/논란 및 사건 사고 - 나무위키
최근 변경
최근 토론
특수 기능
티파니 영/논란 및 사건 사고
최근 수정 시각:
2025-04-09 04:59:30
편집 요청
편집 요청
이용중인 IP는 문서 훼손행위가 자주 발생하는 IP이므로 로그인이 필요합니다.
(이 메세지는 같은 인터넷 공급업체를 사용하는 다른 누군가로 인해 발생했을 가능성이 높습니다.) (#98793)
만료일: 무기한
사유: 동국대학교 공용 IP
편집 권한이 부족한 경우 아래의 '편집 요청' 버튼으로 편집 요청을 생성할 수 있습니다.
[편집 요청 도움말]
편집 요청
닫기
토론
역사
분류
티파니 영
소녀시대/사건 사고
대한민국의 인물별 논란
상위 문서:
티파니 영
주의. 사건·사고 관련 내용을 설명합니다.
사건 사고 관련 서술 규정
을 유의하시기 바랍니다.
[ 한국 음반 ]
I Just Wanna Dance
미니 1집
2016. 05. 11.
[ 미국 음반 ]
Remember Me
디지털 싱글
2018. 03. 14.
Over My Skin
디지털 싱글
2018. 06. 28.
Teach You
디지털 싱글
2018. 09. 28.
Peppermint
디지털 싱글
2018. 11. 30.
Born Again
리드 싱글
2019. 01. 25.
Lips On Lips
리드 싱글
2019. 02. 14.
Lips On Lips
미니 1집
2019. 02. 22.
Magnetic Moon
디지털 싱글
2019. 08. 02.
Run For Your Life
디지털 싱글
2019. 10. 11.
[ 기타 음반 ]
[ 리믹스 ]
I Just Wanna Dance (Remix)
리믹스
2016. 05. 23.
Runaway (Remix)
리믹스
2019. 05. 31.
Magnetic Moon (Remix)
리믹스
2019. 09. 04.
Run For Your Life (Remix)
리믹스
2019. 10. 25.
[ 참여 음반 ]
Mabinogi (It's Fantasticl)
마비노기 OST
2008. 08. 01.
나 혼자서
자명고 OST
2009. 03. 26.
반지 (Banji)
하루 OST
2010. 10. 15.
그대니까요
사랑비 OST
2012. 04. 10.
아름다운 그대에게
아름다운 그대에게 OST
2012. 08. 29.
한걸음
내 연애의 모든 것 OST
2013. 04. 17.
Only One
블러드 OST
2015. 02. 24.
Heartbreak Hotel
SM STATION
2016. 06. 10.
[ 관련 문서 ]
음반
직캠
사건 사고
1
. 개요
2
. 사건 사고
2.1
. 인대 부상
2.2
.
왕따
루머 피해
2.3
.
탁재훈
성추행 논란
2.4
.
쓰촨성 대지진
웃음 논란
2.5
.
2PM
닉쿤
과의 열애 및 결별
2.6
. 가수
GRAY
와의 열애 루머
2.7
.
티파니 광복절 욱일기 게시 사건
2.8
. 아버지 사기 관련
빚투
논란
1.
개요
[편집]
소녀시대
소속 가수
티파니
와 관련된 사건 사고들을 정리한 문서.
2.
사건 사고
[편집]
2.1.
인대 부상
[편집]
2010년 미니앨범 3집 '훗' 활동 중 행사 무대에서 밀려 넘어져
좌측 슬관절 후방십대인대 손상
판정을 받았다. 이번에도 깁스를 스스로 해체하고 복귀하려 했으나, 소속사에서 더 쉬게 했다. 동년 12월 23일 일본 후지 TV 메자마시 TV로 방송 활동에 복귀했다. 여담으로, 이러한 부상 때문에 걸그룹 3대 유리 몸에 오르기도 했다.
#
2.2.
왕따
루머 피해
[편집]
2009년 6월 29일에 공개된
윤아
,
수영
의 치마 영상이 기점이 된 사건으로, 윤아가 티파니 무대 의상을 보다가 치마를 들춘 뒤 ""안 입었어?""라는 입 모양을 보여주었고 바로 수영이 돌아서서 관객들 보이지 않게 뭐라 이야기 해주는 모양이었는데, 흡사 트집 잡아 무안 주는 모습으로 보여 티파니가 왕따가 아니냐는 루머가 돌았다.
#
그 후
7월 1일, 라디오에서 당사자들이 직접 해명했다.
또
KBS
승승장구
에서도 이 이야기가 나왔는데, 인터넷을 잘 안 하는 티파니는 왕따 설이 돌았다는 사실조차 친오빠인 레오 황이 전화해서 알았다고 한다. 팬덤은 멤버들 간 우애가 얼마나 깊은 지 잘 알기에 이 루머를 맘편히 넘길 수 있었다고 한다.
2.3.
탁재훈
성추행 논란
[편집]
2009년 3월,
상상플러스
에서
탁재훈
이 티파니의 가슴에 손을 부딪치고 넘어지면서 티파니의 허벅지와 사타구니를 만지게 되었고 마지막엔 엉덩이까지 터치했는데 실수인지 고의적인지에 대해 논란이 되었다. 해당 영상을 보면 티파니의 가슴에 탁재훈의 손이 부딪혀 넘어지면서 탁재훈의 팔을 잡아당겼다. 탁재훈은 예전에도
김아중
을 성추행 했다는 논란이 있어서 의혹은 증폭되었으나, 탁재훈은 김아중의 옆구리를 꼬집었는데 화면 상으로는 앵글 때문에 엉덩이를 만져서 놀란 것처럼 보인 것 뿐이라고 해명했었다.
#
2.4.
쓰촨성 대지진
웃음 논란
[편집]
데뷔 초 소소가백에서 중국
쓰촨성 대지진
에 관한 이야기가 나왔을 때, 티파니가 쓰촨성이란 단어에 자신의 친구인
찬성이
가 생각난다며 웃음을 터트리는 바람에 논란이 된 적이 있다.
#
쓰촨성 대지진은 사망자가 무려 87000명에 달하는 대재해인데다 그날 소소가백 편은 쓰촨성 추모 특집이었기 때문에 더 문제가 되었다. 해당 발언 시점은 쓰촨성 추모 내용을 담은 부분이 지나가고, 한국 연예인들의 기부 소식을 알리면서 밝은 분위기로 전환된 후였는데, 당시 방송이 시종일관 어두운 분위기였던 지라 제 딴에는 이 분위기를 좀 띄워보고자 농담을 한 것 같다는 추측이 있다. 어쩌다가 웃긴 생각이 나서 상황에 맞지 않게 웃을수 있긴 하지만 어찌 됐던 행동이 경솔했다는 점은 당시 비판을 받을 만 했다.
당시 상황을 담은 영상.
[1]
2.5.
2PM
닉쿤
과의 열애 및 결별
[편집]
2014년 4월 4일
스포츠서울닷컴
이
2PM
닉쿤
과 스캔들을
터뜨렸다
. 그리고 양측의 소속사에서 모두 연애설을 인정했다. 레스토랑에서 지인들과 밥 먹고 나오는 사진이 찍혔을 뿐인데, 이런 걸로 연애를 인정하는 경우는 거의 없기 때문에 양 그룹의 팬덤들은 이해할 수 없다는 반응을 보였다. 그러나 본인들과 양사의 합의 없이는 인정 보도가 어려웠을 것이다. 2015년 5월, 교제한지 약 1년 5개월만에 닉쿤과 결별했다.
기사
2.6.
가수
GRAY
와의 열애 루머
[편집]
솔로 앨범 'Heartbreak Hotel (Feat. Simon Dominic)' 작업을 위해
AOMG
소속사의 아티스트
사이먼 도미닉
,
그레이
를 만났다가 그 루머에 휩싸였다. 그러나 ""그냥 친한 동료일 뿐""이라고 양측 소속사가 해명하면서 일단락되었다.
#
2.7.
티파니 광복절 욱일기 게시 사건
[편집]
2.8.
아버지 사기 관련
빚투
논란
[편집]
2018년 12월 4일, ‘티파니 아버지에게 돈을 빌려줬다 10년 동안 받지 못했다’고 주장하는 피해자가 등장했다.
기사1
기사2
한창
빚투 운동
이 일어나는 때라 논란이 빠르게 확산되었고, 2008년에 티파니 아버지에 대한 내용의 글과 겹치는 부분이 있어 시간이 지날수록 부정적인 시각들이 늘어났다.
#
12월 5일, 소속사를 통해 공식 입장을 밝혔다.
#
티파니는 기사로부터 ‘어렸을 때부터 아버지의 여러 가지 문제들로 인해 힘든 어린 시절을 보냈고, 데뷔 이후에도 아버지로부터 빚을 갚으라는 강압을 당해 여러 차례 금전적 책임을 지기도 했다. 그러다 각자 서로의 삶을 살기로 한 이후, 아버지와 연락이 두절된 지 7년 정도 되었다.’라고 밝혔다.
공식 입장문
[ 펼치기 · 접기 ]
안녕하세요, 티파니 입니다.
어제 보도를 통해 과거 아버지로부터 상처를 입으신 분의 글을 접하게 됐습니다. 무겁고 죄송스런 마음이 들어, 심려 끼쳐드린 많은 대중분들께 제 입장을 전하고자 합니다.
사실 저는 어렸을때 부터 아버지의 여러 가지 문제들로 인해 힘든 어린 시절을 보냈습니다. 데뷔 이후에도 제가 모르는 상황에서 일어난 여러 채무 관련 문제들로 아버지의 일에 관계된 분들의 협박을 받았습니다.
뿐만 아니라 저도 아버지로부터 빚을 갚으라는 강압을 당하기도 했습니다. 하지만 이것 또한 가족의 일이라고 생각했기 때문에 여러 차례 제가 금전적 책임을 지기도 했습니다.
그렇기에 소중한 멤버들과 주변분들께 피해를 끼치게 될까봐 항상 두려웠습니다.
그럼에도 불구하고 아버지 그리고 아버지와 관계된 분들의 협박은 반복이 됐습니다. 결국 제가 더이상 감당할 수 없는 문제들이라 아버지와의 관계를 정리하고 각자 서로의 삶을 살기로 했습니다. 이후 연락이 두절된 지 7년 정도 되었습니다.
이렇게 좋지 않은 소식으로 제 가정사에 대해 말씀드리는 것이 쉽지 않은 선택이었지만, 그런 아버지에게 오랜 시간 상처를 입으신 분과 또 저와 관련된 일로 상처 받았을 분들께 죄송한 마음으로 글을 쓰게 되었습니다.
다시 한번 이번 논란에 대해 진심으로 사과드립니다.
공식 입장 이후, 인터넷 기사 댓글에는 대부분 티파니를 응원하는 댓글로 도배가 되면서 동정론이 일었으며,
인스타그램
에는 ‘#ForeverWithTiffanyYoung’이란 태그로 응원 게시글이 올라오고 있다. 불우한 가정사와 홀로 독립해 한국으로 와 과외를 하며 돈을 벌어 오빠의 학비를 대주고,
소녀시대
와 솔로 활동으로 자수성가한 점이 많은 이들의 가슴을 울렸고, 티파니의 책임이 없는 상황임에도
과한 비난을 받았기 때문
인 것으로 예상된다.
[2]
이번 티파니의 빚투 논란으로 인해 많은 네티즌들이 청와대 청원 게시판의 문제점을 지적하고 있다. ‘돈 문제로 애가 타는 심정은 이해가 되지만, 청원 게시글을 쓸 문제는 아니었다’는 주장이 지배적이다.
[1]
해당 내용은 12분 16초부터 나온다.
[2]
티파니 논란이 발생했을 때에는 이미
빚투 운동
의 부작용이 조금씩 드러나기 시작했기 때문에 대중들이 빚투 운동에 대해 지쳐 있기도 했다.
이 문서의 내용 중 전체 또는 일부는
소녀시대/논란 및 사건 사고
문서의
r1300
판,
2.3번 문단
에서 가져왔습니다.
이전 역사 보러 가기
VZR2FHC+
라식라섹 서울연세안과의원
www.lasik75.com
알레그레토 EX500, 담당원장이 처음부터 끝까지 책임관리, 2호선구로디지털단지역
강동구 SU연세안과의원
www.suyonsei.com
병원소개
진료시간
온라인예약
오시는길
둔촌동역 4번출구. 공군 조종자원 시력교정술 시행병원, PPK수술 안과
서울안과 전문 서울아이비안과
www.eyebest.co.kr
서울안과,2010년 최신형라식장비,대학병원급장비,차별화된검사.
VZR2FHC+
이 저작물은
CC BY-NC-SA 2.0 KR
에 따라 이용할 수 있습니다. (단, 라이선스가 명시된 일부 문서 및 삽화 제외)
기여하신 문서의 저작권은 각 기여자에게 있으며, 각 기여자는 기여하신 부분의 저작권을 갖습니다.
나무위키는 백과사전이 아니며 검증되지 않았거나, 편향적이거나, 잘못된 서술이 있을 수 있습니다.
나무위키는 위키위키입니다. 여러분이 직접 문서를 고칠 수 있으며, 다른 사람의 의견을 원할 경우 직접 토론을 발제할 수 있습니다.
이승기
견미리
skt
한덕수
서유리
우렉 마지노
이재명
전세계(신병 드라마)
산불
lck
이승기
블리츠웨이엔터테인먼트
24초 전
경주시장
25초 전
서산영덕고속도로
25초 전
배슬기
31초 전
시누아즈리
31초 전
제9회 전국동시지방선거/광역자치단체장/후보군
32초 전
할로윈(2018)
35초 전
츠유리 카나오
40초 전
쏜즈
43초 전
케이온!
45초 전
푸틴, 김정은에 파병 감사…러 ""필요시 北에 군사지원""(종합2보)
대구 산불 확산에 '국가소방동원령'…요양시설 거주자 61명 대피(종합2보)
교황 선출 콘클라베 내달 7일 개시…가톨릭 새 수장은 누구(종합)
국민의힘 '2강' 가리는 2차 대선경선 당원투표 51%로 마감
이주호, 고교 흉기 난동에 ""매우 송구…대응방안 논의 착수""
더 보기
namu.wiki
Contáctenos
Términos de uso
Operado por umanle S.R.L.
Hecho con ❤️ en Asunción, República del Paraguay
Su zona horaria es
Asia/Seoul
Impulsado por the seed engine
This site is protected by reCAPTCHA and the Google
Privacy Policy
and
Terms of Service
apply. This site is protected by hCaptcha and its
Privacy Policy
and
Terms of Service
apply."
